iso3,country,variable,variable.1,1999,2002,2005,2008,2010,2011,2012,2013,2015
AGO,Angola,education,value,0.191332220521393,0.198792570041604,0.210124035893181,0.206058718965123,0.218129839519764,0.229123906385337,0.226469352889574,0.233026824736053,0.246338381150059
AGO,Angola,mortality,value,0.0889572159984959,0.0877108223105405,0.0868776911058503,0.0871481116307763,0.0862121985432565,0.085290715779965,0.081983438184882,0.0765452303531404,0.0677262192928131
AGO,Angola,registration,value,0.484681244863942,0.496840036260521,0.513419754422797,0.507628114254781,0.524571369151702,0.538089132158006,0.534632763007774,0.541608755090752,0.55602911374839
AGO,Angola,stunting,value,0.365056669725002,0.357830755263244,0.349723958737638,0.35303052342893,0.341702078079442,0.336965623979086,0.337836226171065,0.335537484938953,0.325681743029592
ALB,Albania,education,value,0.352593132781991,0.354682363169073,0.354450839000413,0.351426207611704,0.354229360580711,0.357537138734237,0.359661772683167,0.362435251865374,0.36032133226173
ALB,Albania,mortality,value,0.0050924475213188,0.00476142126169115,0.00476142126169115,0.00511852537770269,0.00470590273442083,0.00508089513219156,0.00510487188133564,0.00596565231949006,0.0050970667608471
ALB,Albania,registration,value,0.983052755185892,0.978558219526834,0.978517727712444,0.982515906949203,0.98048792609269,0.981268478366429,0.982277109463062,0.982229784985874,0.982257838310246
ALB,Albania,stunting,value,0.127960085756327,0.125198373175945,0.125244679947445,0.132129818078459,0.124987211142827,0.125295329957019,0.136386741887654,0.130615723496797,0.13702870609787
ARM,Armenia,education,value,0.776076325977755,0.550000947612844,0.200005361177116,0.370603695231182,0.492736309411134,0.555114291836114,0.617461196402378,0.681278119453421,0.801754801038272
ARM,Armenia,mortality,value,0.0487881755102948,0.0443716226418207,0.0393730791832317,0.0292495431578082,0.026227922751266,0.0242412951034083,0.0222785505593959,0.0189825046482283,0.0141426231042273
ARM,Armenia,registration,value,0.999465035297662,0.999452708698613,0.9994822617348,0.99949758169805,0.99948690762249,0.999479289549733,0.999479695355082,0.999470372406384,0.999469668363817
ARM,Armenia,stunting,value,0.138533756238429,0.138377021670073,0.134639727303454,0.146134815409667,0.119700144965997,0.119945090346202,0.116929760129938,0.108170946353631,0.102424442616983
AZE,Azerbaijan,education,value,0.443409229525057,0.376991648423813,0.37717848323135,0.377273023073696,0.377302560556978,0.377308450498135,0.377313148744919,0.377317618039488,0.377333306492961
AZE,Azerbaijan,mortality,value,0.0676734060389276,0.0477104398340449,0.0477104398340449,0.0477104398340449,0.0477104398340449,0.0477104398340449,0.0477104398340449,0.0477104398340449,0.0477104398340449
AZE,Azerbaijan,registration,value,0.939627583742635,0.745895966511843,0.745889826301202,0.745891026726482,0.745890529619635,0.745891287775741,0.74589151216143,0.745891813129437,0.745894413086715
AZE,Azerbaijan,stunting,value,0.265824740175407,0.200723024247738,0.20078157876789,0.200770131224743,0.200774871754773,0.200767641796453,0.20076550200075,0.200762631897705,0.200737838082032
BDI,Burundi,education,value,0.0637670646796818,0.0627711269604124,0.0713735146604303,0.0711752627418498,0.073838065434175,0.0792365745874321,0.0807942728548955,0.0837738018630373,0.122929971654314
BDI,Burundi,mortality,value,0.0605748987320655,0.0600014695818808,0.0599794616505178,0.0599281784434162,0.0580453872523758,0.0581550154803763,0.0588574507676822,0.059000575737668,0.0555183402001319
BDI,Burundi,registration,value,0.926069542717049,0.926016946566228,0.929428472952034,0.929485330260023,0.929150214114315,0.930117597954364,0.93053993187498,0.931183624540574,0.934879962382137
BDI,Burundi,stunting,value,0.396242377339209,0.40021865370449,0.379962646169989,0.380167757640195,0.373829550157221,0.359245811752193,0.356580661348537,0.350640449343059,0.304776370070834
BEN,Benin,education,value,0.0373416817501416,0.0460281376529295,0.0651785369959393,0.0871642975742053,0.113168177773574,0.13092046535109,0.1427242444981,0.142735221955584,0.136191085841546
BEN,Benin,mortality,value,0.144793896723952,0.133537388681134,0.115220902245109,0.0924563375208565,0.0728170009089248,0.0633171473587894,0.0548349127922091,0.0586173392051941,0.0649047440116493
BEN,Benin,registration,value,0.586722806219777,0.5876914927289,0.610897097347139,0.704949467115962,0.803744199519771,0.852600516122593,0.894570276162265,0.901468349270533,0.91133077145889
BEN,Benin,stunting,value,0.265728001598534,0.308750073099648,0.371302581708848,0.399869771462289,0.40466684312296,0.403661117311561,0.410970637525739,0.385259423181428,0.332933321875782
BFA,Burkina Faso,education,value,0.0357949453648982,0.0457968212818408,0.048683109713793,0.0507216290486264,0.0536500864247362,0.0572319196751221,0.0572881718271964,0.0589770753852675,0.0643765641840391
BFA,Burkina Faso,mortality,value,0.173345740611978,0.162058557862685,0.157363353117896,0.156202260742202,0.15498960043574,0.155610525836929,0.155610525836929,0.154540358903946,0.151705399703498
BFA,Burkina Faso,stunting,value,0.334644988888865,0.33765751573066,0.344287241623555,0.340511624891708,0.336249586055964,0.328930901670113,0.328932906940602,0.325697752646505,0.314555891489905
BGD,Bangladesh,education,value,0.14000135237765,0.139422897408361,0.130959299941012,0.147506115756974,0.165236554546422,0.179558487739467,0.187293460722353,0.200194173237561,0.210954045097765
BGD,Bangladesh,mortality,value,0.112370417341425,0.0991977655631053,0.0863913967481414,0.0706470790050713,0.0636449702226158,0.0594902859140761,0.0568834616274263,0.0542071496894334,0.0519078861840562
BGD,Bangladesh,registration,value,0.312201301122785,0.313794748624884,0.314508709283591,0.315094315902799,0.317982747598259,0.321931727934844,0.286661769105087,0.251187573500461,0.215125222091607
BGD,Bangladesh,stunting,value,0.47357897757184,0.426449712540789,0.419393520606388,0.417010679694585,0.400856742797663,0.387745833870153,0.368844233029617,0.347070075326268,0.326920472465197
BOL,Bolivia,education,value,0.321358729301908,0.310671890190057,0.309176899687599,0.321280498810655,0.316511570094476,0.312955361828354,0.317167348027192,0.314028020907312,0.314008269844121
BOL,Bolivia,mortality,value,0.0908942750108691,0.0905413562041796,0.086462017419657,0.0766198895875938,0.0774985403264467,0.0783653101292585,0.0775297535181055,0.0779015657288709,0.0779015657288709
BOL,Bolivia,registration,value,0.911705968481843,0.911380343852627,0.909966441022316,0.904863512084436,0.903503156738411,0.902292312335732,0.903394615490284,0.902658305857544,0.902658603159391
BOL,Bolivia,stunting,value,0.251806154496286,0.253276229777816,0.260790871409863,0.286169170514427,0.290676261388194,0.294608976111312,0.29011056368254,0.292685332710506,0.292687455891103
BRA,Brazil,education,value,0.174188074104831,0.172119466328342,0.172236183685658,0.169103774665051,0.168774220126059,0.169126283530422,0.167790556882973,0.168428298024367,0.168627189907051
BRA,Brazil,mortality,value,0.0600888657572822,0.0611325905580226,0.0612022902951594,0.0628918829678463,0.0631823265682898,0.0628812812539766,0.0640633318838677,0.063763192803626,0.0632666767907619
BRA,Brazil,stunting,value,0.119412279614936,0.124431986113011,0.123551906929918,0.133008794063637,0.134028439514999,0.133017004883077,0.137252810014203,0.135145159353171,0.134165796059672
CAF,Central African Republic,education,value,0.0432699837036906,0.039673912955313,0.046544398273237,0.0500660285854904,0.0519798767521876,0.053363508454351,0.0530498631050797,0.0822759558292732,0.0841307611377366
CAF,Central African Republic,mortality,value,0.122799558779777,0.126511346603595,0.122307811353693,0.119961112992395,0.117554546614728,0.117357204463111,0.117104320909602,0.0930994023194174,0.0919031705260675
CAF,Central African Republic,stunting,value,0.308851113998907,0.310024857633723,0.307142553907587,0.298816515356441,0.296146928128228,0.291149872275469,0.292014395796242,0.267309578384718,0.267849259547842
CIV,Cote d'Ivoire,education,value,0.06124682413243,0.0687119914952323,0.0828394532101748,0.0962784675224476,0.111939726026022,0.128376884051635,0.130069334641933,0.132481156075635,0.13168192094181
CIV,Cote d'Ivoire,mortality,value,0.153559541191642,0.14224583970715,0.127363055640785,0.116546106135301,0.109234830943286,0.104951520276547,0.102438428742654,0.102211542967083,0.102519031596218
CIV,Cote d'Ivoire,registration,value,0.760766198406569,0.763566618127826,0.787037475455773,0.802493681799039,0.821491674072023,0.844046389165761,0.842254324100702,0.846310795490112,0.84473444413422
CIV,Cote d'Ivoire,stunting,value,0.251199208811675,0.259218784845968,0.260115574918654,0.258758809889449,0.250909380382444,0.242826155761571,0.245795738798624,0.245867546880793,0.246083044621445
CMR,Cameroon,education,value,0.0553298099127425,0.0635299342353547,0.0814641523662949,0.10348277782974,0.120800806797909,0.129193042395433,0.129012967472359,0.129126105301224,0.127064331097501
CMR,Cameroon,mortality,value,0.159099064058703,0.14118362323049,0.122306264065746,0.113013365662134,0.105686320111696,0.102146473868168,0.102307976767777,0.102175981089576,0.103077741171396
CMR,Cameroon,registration,value,0.649777866538422,0.646402069171078,0.686169290030531,0.707413283346387,0.726168940914824,0.731998478729277,0.731654025112537,0.731952580076202,0.727839619039209
CMR,Cameroon,stunting,value,0.292560850273245,0.305608324088193,0.302423417023508,0.296302957997605,0.287830572875646,0.282959533183327,0.283096093497202,0.282962476534741,0.286953016164295
COD,"Congo, Dem. Rep.",education,value,0.524452073926074,0.582584223781028,0.586056593389942,0.521810443195913,0.511215831910626,0.498072271388778,0.470244147967446,0.465150258994853,0.459314886100563
COD,"Congo, Dem. Rep.",mortality,value,0.0707461143321318,0.0667182269466943,0.0651761211740273,0.0709489729396775,0.0725282098735561,0.0730264563805057,0.0748611429818863,0.0751509991730657,0.0745040250687366
COD,"Congo, Dem. Rep.",registration,value,0.430552121967313,0.483368439303441,0.486846124276999,0.42705878782865,0.41621257915578,0.404895813037956,0.392608745851677,0.386534646155916,0.385040864925468
COD,"Congo, Dem. Rep.",stunting,value,0.227427862442968,0.190852439228019,0.186165247426353,0.228880058906374,0.233444503089024,0.239681179621396,0.250308462972414,0.255408510875835,0.258900809779555
COL,Colombia,education,value,0.276571415285253,0.292236597355595,0.317614368824319,0.355109304542268,0.370540786285607,0.380580229563084,0.392909123139839,0.405152366860567,0.425514071258553
COL,Colombia,mortality,value,0.0292993127489339,0.0270731420888614,0.025993714451847,0.0236888520293806,0.0229963395260905,0.0225123559206592,0.0218133408082124,0.0211327431774024,0.0201261961774951
COL,Colombia,registration,value,0.968049845423561,0.966697552666074,0.965667682584561,0.966565371607815,0.96580803933338,0.965554535598185,0.965668003979099,0.965771212490413,0.965406472164169
COL,Colombia,stunting,value,0.139476951939181,0.143958889480194,0.144980538882939,0.13946793905162,0.140662097331849,0.141497903878725,0.141159044743957,0.140826310787641,0.142327234179847
COM,Comoros,education,value,0.0543671021569056,0.0769262532417222,0.101778182941078,0.129840972674256,0.149274877989867,0.160032413728001,0.171159361587311,0.174582783691057,0.178966073130735
COM,Comoros,mortality,value,0.0982884283402115,0.087387657979944,0.0754977650488364,0.0640414029910697,0.0566249907476659,0.0528412797854899,0.0495234444359586,0.0492547057441623,0.0486723966896155
COM,Comoros,registration,value,0.865834179999787,0.865979480817148,0.867743430934945,0.86909516114922,0.870727115242986,0.874379244993763,0.875918041265326,0.877504307222984,0.879271072992249
COM,Comoros,stunting,value,0.342795715212286,0.335502348478389,0.323492230188085,0.309748361490356,0.300728978170746,0.294205265507639,0.28897313174599,0.286129017180991,0.281135985239238
DOM,Dominican Republic,education,value,0.229609851551776,0.216930649354332,0.236212309574875,0.254033103529086,0.271840352685999,0.285475912822238,0.296140835868587,0.305999154508505,0.30389926240121
DOM,Dominican Republic,mortality,value,0.0547417201577453,0.0476668036437865,0.0420260110980709,0.038607621161002,0.0391203522273309,0.0386553706613054,0.0383178884693994,0.0381993600312069,0.0385464096890482
DOM,Dominican Republic,registration,value,0.91477207961067,0.915603871572714,0.919427960022734,0.917552377996284,0.918835828668144,0.924956005628874,0.928364628538616,0.93013983112688,0.926486104422953
DOM,Dominican Republic,stunting,value,0.126102156506757,0.107869165656179,0.111378026717568,0.113276354116304,0.103409151892614,0.0953715450323262,0.0886264751744239,0.0832660161862437,0.087096581073545
EGY,"Egypt, Arab Rep.",education,value,0.283018076998642,0.323652847763035,0.366903139100717,0.410948485739276,0.432114385521936,0.445149471844341,0.453870830062143,0.466776087402425,0.473682173530126
EGY,"Egypt, Arab Rep.",mortality,value,0.0892770597019289,0.0713476421456772,0.0546424578775782,0.0370384857175737,0.0355186693733001,0.03482294429432,0.0341173291410933,0.0327904150400444,0.0322675485111603
EGY,"Egypt, Arab Rep.",registration,value,0.973665609061921,0.982111238128568,0.988060337702587,0.989671470882928,0.990316551137023,0.991174499821064,0.991114458324694,0.991829731903289,0.991502549801667
EGY,"Egypt, Arab Rep.",stunting,value,0.332915961401414,0.317076363725632,0.310977425953794,0.303758792282209,0.273775592268729,0.258379265423531,0.245202385136564,0.230332576274699,0.217573954556842
ETH,Ethiopia,education,value,0.0531615904086446,0.0543487641638845,0.05983464612713,0.0732585493891755,0.0848542794543098,0.0939291949761709,0.0991065744985575,0.106322373037637,0.112766204042738
ETH,Ethiopia,mortality,value,0.172680017072104,0.154225068058736,0.121840685444486,0.109772048764794,0.101076106772136,0.096344798096773,0.0921961027992048,0.0879735819312443,0.0811528021697208
ETH,Ethiopia,registration,value,0.0385399572793296,0.0353809196393649,0.0328919555284503,0.0344295054926713,0.0361894553688589,0.0384832937787511,0.0391147759890275,0.0386544480159444,0.0384796289758276
ETH,Ethiopia,stunting,value,0.50384643900212,0.483189863955566,0.452331590491871,0.437034996334081,0.42638781709786,0.421616792374779,0.406713196546201,0.389819476669813,0.363423317783
GAB,Gabon,education,value,0.0827287584987239,0.0896506629994974,0.109948220044265,0.131062695221672,0.144103714777246,0.150410068083651,0.155907112545941,0.155954160754932,0.154478816361926
GAB,Gabon,mortality,value,0.0825268176641543,0.0816997884826144,0.0755392474410896,0.0683808526009784,0.0640218003235734,0.0618021920863911,0.0598963544845949,0.0598930852031786,0.0599680625308779
GAB,Gabon,registration,value,0.891553368107757,0.894260599084628,0.895024206063916,0.894557823726919,0.89480223874915,0.894866054417922,0.89475883922844,0.894740924936552,0.894461095765299
GAB,Gabon,stunting,value,0.239998306890021,0.232488448108598,0.215823408122766,0.201582854650229,0.193979570127054,0.190757896515184,0.188367347330495,0.188517414262575,0.191992768371328
GHA,Ghana,education,value,0.101410377914622,0.117263719829082,0.152791198323293,0.194689389578171,0.197703951989076,0.197236790405316,0.197151198714925,0.200698406858677,0.208515880060937
GHA,Ghana,mortality,value,0.0970159028798245,0.0972851403446301,0.0889381012907316,0.0762658618515363,0.0723808702371547,0.0705820428296342,0.0688768516093448,0.066773598474199,0.0643296935861458
GHA,Ghana,registration,value,0.728788020935368,0.729699291064413,0.729591582715457,0.726408949618962,0.723395980121917,0.718816607268164,0.715338299017827,0.715040288399381,0.720382620414634
GHA,Ghana,stunting,value,0.249466075839473,0.273701215889308,0.276205742717086,0.271209259396873,0.241684823964678,0.228643926824859,0.215018380485656,0.199548663344712,0.18034817426566
GIN,Guinea,education,value,0.070724785130951,0.0770913228440332,0.0814772437936244,0.106563507402716,0.133947652551886,0.1340426658996,0.129679666809632,0.135660346656302,0.14088622368543
GIN,Guinea,mortality,value,0.163962952684167,0.15654244421411,0.147645256822146,0.12860871842176,0.109030235323154,0.106111196093836,0.102877999678056,0.100307298927129,0.0986956409227502
GIN,Guinea,registration,value,0.696328746123441,0.733024388732649,0.759507647025844,0.750887430373116,0.767773199121861,0.748913248368624,0.713339440581789,0.728832357761761,0.744323565849852
GIN,Guinea,stunting,value,0.243430029210615,0.268997124036031,0.289713519805881,0.272541379993588,0.250972804921637,0.24971895761473,0.262215215793664,0.253138294419572,0.243067938692108
GMB,"Gambia, The",education,value,0.223314099106284,0.247600183277208,0.209384592335355,0.20213594901914,0.194463352507721,0.199753958197811,0.195050813158253,0.193032661813113,0.187964231615872
GMB,"Gambia, The",mortality,value,0.0526317591338206,0.0502458917541183,0.0544829524349765,0.0557506850700333,0.0570081220509499,0.0564991122476811,0.0570064379299246,0.0570769287155234,0.0572922456031931
GMB,"Gambia, The",registration,value,0.747742844908175,0.748187635583034,0.743857481280706,0.743884788219106,0.742541839508631,0.743237767786868,0.742548909803364,0.742410312812364,0.741765970731656
GMB,"Gambia, The",stunting,value,0.219523971724903,0.208292936012753,0.226898327175513,0.22820180817651,0.234008547622029,0.230654353314275,0.233555400683698,0.233976904968973,0.236641201872178
GTM,Guatemala,education,value,0.104309610008006,0.111321634196159,0.121471347741405,0.129664745048202,0.136875315062679,0.14129053079819,0.144712377655471,0.149454689880141,0.155265769227169
GTM,Guatemala,mortality,value,0.07053998112606,0.0646353885265973,0.0584409009118037,0.0524151631829197,0.0481598197496307,0.0458838909187908,0.0437437113442723,0.0414240603568638,0.0373446439957022
GTM,Guatemala,stunting,value,0.510587236295964,0.506746554517331,0.494439909473206,0.488019739384521,0.479327394480191,0.473354813073715,0.469080410643598,0.462839736899071,0.458264683113247
GUY,Guyana,education,value,0.285357059111057,0.286645142178214,0.292796334030006,0.289422822942322,0.288871579232244,0.290360521177393,0.289430280642619,0.290564490953826,0.290822535076056
GUY,Guyana,mortality,value,0.0381271112115388,0.0382326499256516,0.0384614505348947,0.0382633431914178,0.0382435018219384,0.0383375750995967,0.0382633305911925,0.0383582344605867,0.0383627161644604
GUY,Guyana,registration,value,0.872632469681886,0.873424851862786,0.874960520028581,0.8739662704636,0.873881944660425,0.874193059820553,0.873962265663221,0.874303848888028,0.874470309515834
GUY,Guyana,stunting,value,0.199086653364398,0.196710721000298,0.191366330194579,0.194845890716738,0.195072883940018,0.194589330825229,0.194749544589688,0.193659388891038,0.193479609115552
HND,Honduras,education,value,0.151081066177543,0.14985782487663,0.160388427207841,0.158891576322799,0.172413198554559,0.186400141313828,0.202496175745043,0.200757030342389,0.203283946267864
HND,Honduras,mortality,value,0.0357368955633445,0.0358780016301279,0.0346116020249053,0.033686971662037,0.0309548659754718,0.0290942037655474,0.027475949721542,0.0274571269292218,0.0274603545429409
HND,Honduras,registration,value,0.973463973153262,0.973395980036525,0.973826118320673,0.973375773429237,0.973527785914631,0.973859470275265,0.974079695942396,0.974104165787607,0.974110750286905
HND,Honduras,stunting,value,0.283205027111679,0.285783094930454,0.266440090844551,0.269434365489271,0.244090751373571,0.221407378057016,0.197454088415061,0.199438607526674,0.195931442114761
HTI,Haiti,education,value,0.0593621255693025,0.0800367549322881,0.114919964993492,0.133579487404226,0.150747541845072,0.156388903504166,0.107394260872359,0.10992708090436,0.11477491015838
HTI,Haiti,mortality,value,0.123569448833827,0.106791043863105,0.0894491258933905,0.083449321479157,0.0808460030538356,0.0806021399314977,0.0860698723208416,0.0858394079542034,0.0862550265606176
HTI,Haiti,registration,value,0.851204756980688,0.85647701617364,0.867236967451181,0.863679734387196,0.863531247503315,0.86144176401206,0.821379315768293,0.823200744335391,0.828612640272426
HTI,Haiti,stunting,value,0.210952216551081,0.169668736540053,0.15457974640561,0.152712852913419,0.147519517057124,0.146384091547095,0.190836943657107,0.189298932540291,0.183304910451757
IDN,Indonesia,education,value,0.212869093995872,0.216207830254847,0.249562898264639,0.282262982764484,0.300101495708881,0.317001751112178,0.329628272340888,0.34258916156808,0.357467677930589
IDN,Indonesia,mortality,value,0.0606420266721309,0.0585101264008402,0.0523237600503107,0.0476441362812635,0.0445444303598544,0.0420850772181419,0.0401322362900903,0.0384493845209606,0.0360512627077542
IDN,Indonesia,registration,value,0.532207025433173,0.493827386362488,0.515911190617447,0.533797048383736,0.610963818405755,0.65813631032184,0.700751753153598,0.723228215799981,0.757021122591903
IND,India,education,value,0.231364270053217,0.205217620632107,0.180692613188761,0.185222140548428,0.199267101983358,0.202794796091284,0.210798079103669,0.221367723453606,0.232229283644209
IND,India,mortality,value,0.102280575505425,0.0904131483216331,0.0771128602215147,0.0667382400078136,0.0609204819676439,0.0586566339026493,0.0555290413338485,0.0519941696526078,0.0466589370841389
IND,India,registration,value,0.44087798789427,0.453239612358187,0.471166975186793,0.549482245498782,0.622403689880369,0.655028833918246,0.692804833393081,0.732729896099734,0.803031101796601
IND,India,stunting,value,0.464369012317716,0.458538480587045,0.445200323911926,0.420943177771722,0.4014381047977,0.394292552107023,0.383760167281503,0.370814607189246,0.353967592740916
JOR,Jordan,education,value,0.382989949629494,0.378375996298283,0.375686767037803,0.379654176532577,0.386274674235383,0.390868072623594,0.390228517843371,0.400420780759948,0.415545046308013
JOR,Jordan,mortality,value,0.036601000454218,0.0383850104394196,0.0298587562806507,0.027816115791354,0.0262464182378373,0.023175523627078,0.0228299395386023,0.0221615328967913,0.0216154843997302
JOR,Jordan,registration,value,0.984136422624132,0.981963827919324,0.981031722536003,0.983907414392182,0.981455067924987,0.981450537581568,0.983769935461745,0.981078342016667,0.977155078196145
JOR,Jordan,stunting,value,0.123134977639738,0.0816341708090208,0.16145932292195,0.175323935552398,0.128963296343516,0.112130706526104,0.10676891123544,0.10959453049355,0.100621425876238
KAZ,Kazakhstan,education,value,0.736621315039866,0.738124877258065,0.736923856672417,0.797928814154224,0.7978888755152,0.798040291413144,0.798043073068267,0.798076864413829,0.798023060824823
KAZ,Kazakhstan,mortality,value,0.0662962353541613,0.0699424769147415,0.0675235838972713,0.0499625024492191,0.0499625024492191,0.0499164697818227,0.0499164697818227,0.0498983626886884,0.0499164697818227
KAZ,Kazakhstan,stunting,value,0.104108381875676,0.11266648070005,0.102873144407336,0.13109752901101,0.160134319219049,0.131139703529923,0.0796823213717479,0.0796846909494349,0.131107384050271
KEN,Kenya,education,value,0.2351236380811,0.255444330479644,0.290771180354625,0.319252039874669,0.345225034167138,0.366391117428922,0.38253369949176,0.406185580384393,0.428586166673701
KEN,Kenya,mortality,value,0.0799813694840644,0.0499616605453875,0.0523439260519112,0.0658587889585035,0.066466233943513,0.0620335745446164,0.0585392310193099,0.05479698242451,0.0521248575616311
KEN,Kenya,registration,value,0.617450066388551,0.636021875902991,0.647324021270506,0.651041832183196,0.680737134738586,0.709794490766896,0.735960695764877,0.767400088970602,0.79763666884879
KEN,Kenya,stunting,value,0.31083561464871,0.28204719679215,0.282222468842449,0.301424225678392,0.291686270636212,0.267702954093082,0.248446711286688,0.226106827580156,0.204172371893533
KGZ,Kyrgyz Republic,education,value,0.776947448852018,0.793342478127872,0.806433801335799,0.826778707555883,0.83622042641993,0.84278512946272,0.84567422171807,0.842242616603499,0.841803455839785
KGZ,Kyrgyz Republic,mortality,value,0.0697188429113246,0.0589701534436509,0.0528650219945842,0.0454414253214638,0.0387465707547746,0.0363019870980531,0.0321815531457185,0.0326783590999028,0.0324797987072927
KGZ,Kyrgyz Republic,registration,value,0.989083127124111,0.988692676730883,0.989497900874987,0.990079433645094,0.990103916739778,0.990046923923418,0.990101028907532,0.989771181709599,0.989710930491173
KGZ,Kyrgyz Republic,stunting,value,0.241448097056784,0.216977004627652,0.213595187714875,0.201701509232108,0.189577304976959,0.18276077585122,0.17682203655057,0.179041026072338,0.178486737606273
LBR,Liberia,education,value,0.24007257156776,0.211015510723892,0.337640913680048,0.319554884555493,0.335837461779735,0.335389810137124,0.326106323443457,0.332028769080472,0.346710788470686
LBR,Liberia,mortality,value,0.132128638999941,0.132702023821217,0.127290269681032,0.127233725143449,0.119602145735883,0.115295405976638,0.108675129062961,0.103428150812507,0.104902972304204
LBR,Liberia,registration,value,0.0516681644940872,0.0506560380353231,0.0673592721151743,0.0991484160123636,0.180584894479139,0.216321353698548,0.245734055165393,0.283033864023326,0.290643859034428
LBR,Liberia,stunting,value,0.352471829943433,0.364651064988983,0.295883210362779,0.302492762843071,0.285811428127662,0.280946616873065,0.273114863096756,0.261939557824858,0.259683998935618
LSO,Lesotho,education,value,0.13810351500814,0.149514707043988,0.16245318819795,0.204662029389881,0.240249390411392,0.256308784525639,0.267017165917798,0.292603743450469,0.312273867776834
LSO,Lesotho,mortality,value,0.0871829482409415,0.0859142662810077,0.0863420915416851,0.0865296346302988,0.0894803876787949,0.0885396915109961,0.0881166837086602,0.0856993385941349,0.0843318602380005
LSO,Lesotho,registration,value,0.459812838625148,0.460547421378174,0.469347662744375,0.469682076660387,0.469071828383295,0.480530529530134,0.490183447893995,0.50447239924727,0.514830542818041
LSO,Lesotho,stunting,value,0.324651741835848,0.318645972166695,0.319042784249929,0.31911611658915,0.31480205511394,0.298444924675792,0.284194327650791,0.26504421975049,0.229815415547719
MAR,Morocco,education,value,0.0702467126220226,0.0741670809887837,0.0768991723276583,0.0761551646279198,0.0761058196284939,0.0761990054839995,0.0762401133768235,0.0765334057052627,0.077060230880629
MAR,Morocco,mortality,value,0.0739994954033545,0.066737308666848,0.0617688223079476,0.0631403148605833,0.0634039731606211,0.0630347810638048,0.0631293850147076,0.0620438723589141,0.0616293089441225
MAR,Morocco,stunting,value,0.234978011748895,0.218857085740201,0.205245273047212,0.207637698787192,0.208425917888678,0.207726141490565,0.20816943426264,0.209569412676607,0.205238846335386
MDA,Moldova,education,value,0.495030858296033,0.441582504261679,0.446799282455868,0.415466389251385,0.408786644081019,0.408794556726779,0.410065452561277,0.407106998240671,0.403569977907185
MDA,Moldova,mortality,value,0.0242466972992771,0.0251901018797555,0.0248769209960485,0.0284032138409318,0.0302765611894842,0.0302765611894842,0.0316655346601558,0.0350545782447551,0.0370660303650166
MDA,Moldova,stunting,value,0.0818991819331924,0.0864985602381028,0.0857381858070793,0.0828912863910198,0.0837637659853254,0.0838123386869047,0.0694063958446276,0.0690678459490966,0.0690607597454568
MDG,Madagascar,education,value,0.0792236351860704,0.163996549875469,0.18861497155123,0.158649939604843,0.188779339066504,0.206376910983288,0.210212981440036,0.225023955842271,0.238545993309671
MDG,Madagascar,mortality,value,0.114404295762618,0.0811649701388072,0.0645172530096909,0.058416990050205,0.0513667332091759,0.0504507854668888,0.0503420729146434,0.0487560836419998,0.0460651399220079
MDG,Madagascar,registration,value,0.873939018291235,0.889901081337302,0.892338787199488,0.893433355867937,0.903736427751417,0.905063846066224,0.904913881283684,0.906593748920988,0.907986322718469
MDG,Madagascar,stunting,value,0.469789057366775,0.429383453066661,0.426218393023078,0.454941455933113,0.44217412902049,0.438660066452316,0.426317409660396,0.422011414223198,0.407775107251115
MDV,Maldives,education,value,0.0662068193385744,0.0674541213769148,0.0699400344008167,0.0666624907003405,0.0695863794389106,0.0696965396583415,0.0701969582624746,0.0705661553925562,0.0709291328843587
MDV,Maldives,mortality,value,0.0296727731846416,0.0289505800457826,0.0291805607083934,0.0299255050950854,0.0289305149247195,0.0289305149247195,0.0290182541122343,0.0291522789733303,0.0291805607083934
MDV,Maldives,registration,value,0.968322546118556,0.97019018282083,0.971783463607437,0.967756859309614,0.971132275552281,0.971137378534867,0.971372018174077,0.971644602323351,0.971756647176047
MDV,Maldives,stunting,value,0.195795190786267,0.193503032189167,0.19283882151059,0.195814885422133,0.192763733710361,0.192731103951561,0.192588704922202,0.193282743482883,0.19299698241478
MLI,Mali,education,value,0.0299715517087206,0.0296394569151478,0.035235150306193,0.0472822294662919,0.058528156600157,0.0690613809119573,0.0807581690885134,0.0937464041849948,0.093612903412272
MLI,Mali,mortality,value,0.191091386149028,0.190059949024121,0.180724326156969,0.150036965349859,0.122144449892788,0.104549338147291,0.0868501951337796,0.0716484528521009,0.0718880378235804
MLI,Mali,registration,value,0.651715103827177,0.611249317936772,0.612161470601206,0.701069119388122,0.786677002075966,0.836176352310569,0.885205611854349,0.929160008842483,0.928893397334405
MLI,Mali,stunting,value,0.288472764465266,0.322468791849951,0.338433609712521,0.336259290286279,0.324322072552191,0.317749805377489,0.306809090808039,0.292219567652437,0.292020515205012
MMR,Myanmar,education,value,0.246245042253652,0.186704251040464,0.145325292801122,0.115680018746051,0.107266819113136,0.108486746216294,0.106630355344168,0.105979860497138,0.10160204654208
MMR,Myanmar,mortality,value,0.0375247479223457,0.0437359630417567,0.0533781067791097,0.0631857912703578,0.0678791465388308,0.0670597863202376,0.0680034558210145,0.0681394817738315,0.0703588031952009
MMR,Myanmar,registration,value,0.930950033471705,0.912600893467742,0.890096173682066,0.853456543249127,0.839717594431469,0.842705633678787,0.837811352866435,0.837040831240679,0.827087052984302
MMR,Myanmar,stunting,value,0.189548649269574,0.217260523708006,0.236008391570718,0.263819574566494,0.274664195668522,0.272112397899175,0.277002697675253,0.277923697833428,0.28376080148327
MOZ,Mozambique,education,value,0.0356051714147271,0.0493259382107979,0.0685218912624435,0.0950955394163549,0.117260914597332,0.133165484120017,0.133218352456539,0.136979608278729,0.138092895325216
MOZ,Mozambique,mortality,value,0.143258140237288,0.128204718031423,0.113958814071175,0.102878915353677,0.0932181850054739,0.0878950993229498,0.0878950993229498,0.0887025609583827,0.0888098425135572
MOZ,Mozambique,registration,value,0.548021950961855,0.552547561458192,0.552166348936314,0.539359196416149,0.539188003846332,0.544216921503812,0.544217283441972,0.546660375463628,0.547073527492644
MOZ,Mozambique,stunting,value,0.254745587873934,0.257069625595834,0.268322814307646,0.296783528980202,0.311693966121474,0.317467570810675,0.317469985522527,0.311089820052411,0.310522919716629
MWI,Malawi,education,value,0.0996799568105465,0.156158796584127,0.209748814439711,0.23965949846611,0.26543366659862,0.287780418172019,0.320871044069762,0.340697535942395,0.381160737851577
MWI,Malawi,mortality,value,0.164831741444394,0.137150333921997,0.113685836916451,0.108386917886041,0.10569134559434,0.0981689480847342,0.0874787279995817,0.0795740628822055,0.0639724167765672
MWI,Malawi,registration,value,0.695812514228514,0.708815476434628,0.716078419067843,0.716196766618396,0.718298127397697,0.72185863056614,0.730290368403534,0.731652837307023,0.734819765059205
MWI,Malawi,stunting,value,0.450750095283923,0.407827702682515,0.383013446634,0.39829254595894,0.402811321392261,0.377041074453866,0.349057279101895,0.326855094612245,0.285060804597694
NAM,Namibia,education,value,0.161704108622861,0.18953856931659,0.210271518188013,0.231568150938775,0.250945086638264,0.260738221448947,0.267458580220748,0.276864230478249,0.271581129915182
NAM,Namibia,mortality,value,0.0580445983734365,0.055893469782294,0.0586682144107896,0.0595236339791886,0.0568729020307747,0.0555617846359233,0.0544133276798549,0.0530834348662619,0.0531384904387649
NAM,Namibia,registration,value,0.706593806087864,0.711754140717685,0.706001201782879,0.736213906189603,0.808818775338516,0.845195326329952,0.880286164419672,0.916793228392632,0.914393008638556
NAM,Namibia,stunting,value,0.22838655263442,0.234807045436968,0.257896915561111,0.268587550634555,0.251882494523302,0.243532244543442,0.236394660289176,0.228032191663601,0.230065613553419
NER,Niger,education,value,0.0372764917634556,0.0362517037721453,0.0379339521686738,0.035637257936252,0.0341121250440171,0.0372307472003761,0.0368303328295351,0.0406801651755882,0.0424471567341384
NER,Niger,mortality,value,0.216361877871783,0.199237623147394,0.178173487412435,0.161744071426472,0.148495859673597,0.137727854078438,0.130817665322385,0.12686804806285,0.125846110491681
NER,Niger,registration,value,0.499005901011628,0.50274194741896,0.529873742672518,0.579185460639681,0.63151936545437,0.683261756140407,0.717666315396863,0.734576141238554,0.742733764753484
NER,Niger,stunting,value,0.379397775687004,0.408101038208304,0.426673944981074,0.436392007543262,0.437963279562918,0.427334329165587,0.422548173272165,0.416131856090079,0.408721708484351
NGA,Nigeria,education,value,0.278951268649351,0.291135954379488,0.358868129316114,0.455957512619609,0.441413686127141,0.471654858850188,0.495053451509032,0.520591783026204,0.529997338471403
NGA,Nigeria,mortality,value,0.149203039228174,0.15375399017561,0.140625216284499,0.119153940309084,0.101781320065368,0.0981797638198544,0.0955880130360725,0.0932155899251033,0.0927831855842477
NGA,Nigeria,registration,value,0.457981104862663,0.438193456601239,0.446802962730036,0.464063142956076,0.479621861675673,0.490916465248585,0.496898009331848,0.503379041563635,0.513987482856932
NGA,Nigeria,stunting,value,0.33208768413874,0.326677589117701,0.326140187649186,0.336244177056045,0.306889541866433,0.291377075249922,0.276776171598328,0.263998668415736,0.259960897337246
NIC,Nicaragua,education,value,0.156213356718254,0.167585471949385,0.171885901608617,0.162039649246557,0.162313169340847,0.163015760078432,0.161980406695563,0.16177103711114,0.159348580042277
NIC,Nicaragua,mortality,value,0.0521420101803938,0.0466072156047135,0.0459977466828944,0.0478547483415305,0.0477043018132319,0.0475885505866465,0.0478417159529896,0.0479353851049678,0.0479440948475456
NIC,Nicaragua,stunting,value,0.243318094129635,0.208812539607184,0.2019760734125,0.218941897097924,0.218343148468054,0.216907396592497,0.219094885546473,0.219561001092773,0.223941063972828
NPL,Nepal,education,value,0.0982443202859631,0.114183665953886,0.133175079411975,0.157087305435136,0.170444794495741,0.191324746262162,0.185349001525389,0.197560304174183,0.213197749100021
NPL,Nepal,mortality,value,0.109376625756483,0.0932174995118554,0.0802985788446179,0.0705964716687993,0.0651168953474788,0.0600579672930453,0.0596353064441097,0.0562607492373697,0.0513051655693453
NPL,Nepal,registration,value,0.387469575999317,0.387661893130582,0.387592635411965,0.397718364534457,0.410563318259103,0.426504351567074,0.44056718071346,0.463103516035417,0.503514259773067
NPL,Nepal,stunting,value,0.465205868631067,0.465848103836718,0.455981231590415,0.43165368500397,0.411907477685594,0.384704544843318,0.391912845765777,0.379269975201946,0.363979245917264
PAK,Pakistan,education,value,0.13437900402267,0.176660482742411,0.20404674945002,0.229044039277425,0.237465205741426,0.24556913736434,0.248068204833937,0.262304531412573,0.278433974396651
PAK,Pakistan,mortality,value,0.105774189826235,0.0990175383147589,0.0958641344518805,0.0929990537719687,0.0932068167398321,0.0927091940646639,0.0933013178695611,0.0918925937294961,0.083538047464801
PAK,Pakistan,registration,value,0.258452350409469,0.268133466409543,0.264234413522249,0.25390198317233,0.234231401353835,0.227736970702491,0.216976263218176,0.216425849970933,0.34666323288017
PAK,Pakistan,stunting,value,0.497762917437481,0.479334838209623,0.477059594604342,0.469559451723787,0.461981019799348,0.454443780007609,0.452782413034049,0.441675391832308,0.408019592139752
PER,Peru,education,value,0.409703024615692,0.429787399465478,0.467604234104694,0.384337912773616,0.410947533470688,0.470519553108647,0.464331752595125,0.465170932622063,0.466138669055441
PER,Peru,mortality,value,0.0623968077874352,0.0518717048129829,0.0366328886868997,0.0344922812313042,0.0319530936519603,0.0294891437507074,0.0275261067608198,0.027524342001235,0.0275322642585805
PER,Peru,registration,value,0.97179670434894,0.971412665216581,0.972155540086143,0.970592778841386,0.969244090820552,0.969454418569412,0.969544391839204,0.969486329196865,0.969644160155866
PER,Peru,stunting,value,0.260664011893328,0.278002619804375,0.288684243378337,0.272263919643955,0.252354530617343,0.230619723359477,0.209950373994548,0.209624312987397,0.208501173856709
PHL,Philippines,education,value,0.417203787836403,0.437184841872089,0.478693511168332,0.508185236802458,0.533139670548907,0.553030864363505,0.564549450720009,0.574389049505211,0.587367893701932
PHL,Philippines,mortality,value,0.0505054764039734,0.0445645070009129,0.039389990724756,0.0365733843941589,0.0330532943617544,0.0306968168862564,0.0291045471530911,0.0276196221067834,0.0262724569321794
PHL,Philippines,registration,value,0.904142274229535,0.906437852362018,0.916819769629859,0.917430236196318,0.922966943654363,0.928079398787637,0.930135556334652,0.931338825288439,0.930878032771951
PRY,Paraguay,education,value,0.136780886795923,0.14331056850834,0.136789442809448,0.136795292368444,0.136799260841001,0.136800271678415,0.136801076264134,0.13680164864372,0.136801998994459
PRY,Paraguay,mortality,value,0.0453325886579883,0.0463447801257953,0.0453325886579883,0.0453325886579883,0.0453325886579883,0.0453325886579883,0.0453325886579883,0.0453325886579883,0.0453325886579883
PRY,Paraguay,stunting,value,0.162964780906317,0.145956376640495,0.162968751077017,0.162972811877372,0.162972786547685,0.162977907414955,0.162980218129681,0.162980435141643,0.162976565157784
RWA,Rwanda,education,value,0.0843377587528995,0.0785617619755247,0.0840265008265368,0.10281620187579,0.121013106074966,0.134752610187004,0.150429663288838,0.175218876757828,0.210439732425858
RWA,Rwanda,mortality,value,0.14293963338779,0.147109015539916,0.143192533376512,0.104411098969113,0.0930835037520485,0.0860670462454257,0.0780548925149826,0.0697054811318061,0.0531652012601588
RWA,Rwanda,registration,value,0.650782564372881,0.65134010394661,0.649771132814092,0.65161195185603,0.650316047686086,0.645283003710333,0.644814532117774,0.643531548508318,0.642089730904572
RWA,Rwanda,stunting,value,0.388427095625146,0.39538561169043,0.388669651205025,0.364579145262581,0.342276963983469,0.326311989614174,0.312135595386879,0.295847895984095,0.269221728214852
SEN,Senegal,education,value,0.0503348964071299,0.0518204700236804,0.0497444542297057,0.0603751334451928,0.0707036317666262,0.0786153728072605,0.0768916309564188,0.0770357234109088,0.0876650754881568
SEN,Senegal,mortality,value,0.114453037644647,0.108039251753258,0.105505977858223,0.0851447857553294,0.0727235684476231,0.0681129739710679,0.0647537475492913,0.0608818392004466,0.0523666034796052
SEN,Senegal,registration,value,0.808807594354466,0.814158004539896,0.80782708107383,0.81253130396878,0.823727992292716,0.832117429968382,0.836662795118124,0.848061198902843,0.802229706026133
SEN,Senegal,stunting,value,0.130339768020082,0.128322653082179,0.130592574146588,0.180188620818108,0.207995976745571,0.221920268028957,0.186946431694644,0.151082448918926,0.165816602592426
SLE,Sierra Leone,education,value,0.143319608178703,0.129383704887775,0.131859770385663,0.133440609651022,0.157891587947919,0.175407296234453,0.166727544002377,0.154153145334753,0.216369881238403
SLE,Sierra Leone,mortality,value,0.145687847742583,0.14478746862259,0.145894363094614,0.145870826378151,0.148961925443302,0.14950084271548,0.153146747659724,0.159270444239036,0.151751947325584
SLE,Sierra Leone,registration,value,0.568649229058545,0.557350230698892,0.557443114655767,0.56168869785324,0.65732420143096,0.702969254407442,0.744857042968901,0.787012693099787,0.791762504181385
SLE,Sierra Leone,stunting,value,0.316741328134693,0.342966087315383,0.337945434564968,0.332979081192522,0.327132635129217,0.321615621318887,0.34249796599359,0.355679195244394,0.32150888392081
STP,Sao Tome and Principe,education,value,,,,,0.0260061490164363,0.0272020464247698,0.0281526284364631,0.0297266886134102,0.0298703466074442
STP,Sao Tome and Principe,mortality,value,,,,,0.0628223450771982,0.062805792616199,0.0626111282566468,0.061763982486186,0.0615747156708354
STP,Sao Tome and Principe,registration,value,,,,,0.75405170415933,0.754884279529382,0.75687097024981,0.758727188129733,0.759432195235761
STP,Sao Tome and Principe,stunting,value,,,,,0.265137360651078,0.259579056959577,0.25435497758259,0.252487176520536,0.253242660823011
TCD,Chad,education,value,0.0309195751255991,0.0395844100716953,0.0324925108675623,0.0481133855714083,0.0542758507662332,0.0622108800526222,0.065285840579512,0.0715560059521536,0.0817520655919469
TCD,Chad,mortality,value,0.18431329763236,0.18423428445143,0.185794070787441,0.167709555912078,0.15682154068846,0.151484671827501,0.146079511632504,0.139956591036098,0.128335618445409
TCD,Chad,registration,value,0.198987903061581,0.19871204497543,0.145532075107938,0.156534903431267,0.152335723154131,0.16160754412495,0.158748851550178,0.164062213210454,0.167675841811515
TCD,Chad,stunting,value,0.400533515282346,0.387133861584737,0.400233935477989,0.396575187916842,0.397814499347001,0.394958734226764,0.395335044247054,0.395764171160441,0.396308512266244
TGO,Togo,education,value,0.0284748793262092,0.0507224771601201,0.0755879458046607,0.099515949250544,0.116604760429313,0.128256752479824,0.136578604219988,0.147781173900738,0.157842737979279
TGO,Togo,mortality,value,0.122328961870881,0.106345286976116,0.0943713254956141,0.0842716251310197,0.0776196615479682,0.0748057683914377,0.0718858570100631,0.0686661992860551,0.0656414018459978
TGO,Togo,stunting,value,0.199091603569013,0.194469023909313,0.192966823795635,0.191125530908475,0.188345212540115,0.189310648440564,0.188940562967296,0.184353889283417,0.181658372917793
TJK,Tajikistan,education,value,0.727996526846244,0.713844936560258,0.699136714648159,0.690831978198766,0.687830952162986,0.691616290361729,0.69298712003868,0.698829657443844,0.705396306331133
TJK,Tajikistan,mortality,value,0.0433371288180313,0.0463365558458706,0.0481892155422708,0.0495147880797031,0.0499976012971454,0.0492303987594448,0.0489710128640328,0.0459194984379359,0.0403934936289135
TJK,Tajikistan,registration,value,0.927978609859543,0.92245350174731,0.917666711808498,0.915473877910596,0.912781384578436,0.916388608355684,0.917619013437059,0.924823822336167,0.940472626410921
TJK,Tajikistan,stunting,value,0.248511928289301,0.260628661009242,0.268986970234521,0.270079438943421,0.270806534091768,0.271126473479295,0.271055594257923,0.252898728695542,0.217648012659717
TLS,Timor-Leste,education,value,,0.230447879836526,0.252691372110344,0.292738432473739,0.264878642547417,0.321969451806529,0.351965774669216,0.379087873765156,0.446732958006909
TLS,Timor-Leste,mortality,value,,0.0757559969002331,0.0735266757292464,0.0697103124976698,0.072915259021815,0.0631841381026751,0.0571984707183548,0.0509377297428166,0.039440753394535
TLS,Timor-Leste,registration,value,,0.560422595306581,0.562817343900559,0.562861065246243,0.56294820169168,0.576066108953004,0.588153068098863,0.602668796305504,0.631729111983082
TLS,Timor-Leste,stunting,value,,0.569748678366964,0.560100531920904,0.543711547671065,0.557197872403443,0.521101535632826,0.500756047648959,0.481428773729494,0.438216491988491
TUR,Turkey,education,value,0.172022655161613,0.207984700746904,0.246330585029112,0.280878081471858,0.281551316645912,0.28041354081443,0.280495791286682,0.280274076079643,0.281338856852846
TUR,Turkey,mortality,value,0.0684013906297065,0.0623052916304074,0.0555789251813218,0.0475994819329597,0.0502518912581938,0.051548957442481,0.0487478700958305,0.051752990312238,0.0503008643040703
TUR,Turkey,stunting,value,0.219241380045179,0.218201460763952,0.206628582847797,0.216762691042791,0.206307669115031,0.21816041108349,0.216198940767299,0.210166310718532,0.211407954179981
TZA,Tanzania,education,value,0.014810627774411,0.0491491406087842,0.0665058540129669,0.0447782507929265,0.0348511192483942,0.0701307671497624,0.106462589053963,0.145233037528273,0.215668574506535
TZA,Tanzania,mortality,value,0.1300176232077,0.112841867505524,0.101777043531762,0.0927782124352761,0.0850389299670385,0.0818358327540216,0.0798068176228957,0.0771870335684957,0.0725837632909064
TZA,Tanzania,registration,value,0.418560710507133,0.399547585195768,0.330459282599693,0.302768809652866,0.306209612915041,0.334323416858743,0.361918026294264,0.394590241996068,0.43799908433819
TZA,Tanzania,stunting,value,0.299154105608086,0.276789011017238,0.284321349658005,0.340828039069205,0.367067665616864,0.349293525919601,0.332600105037034,0.316117418314909,0.28649301085696
UGA,Uganda,education,value,0.117070370862382,0.120819929571388,0.121388497673794,0.122618806219284,0.136180341499161,0.141758223330936,0.152015403112457,0.171131299248204,0.205668837259116
UGA,Uganda,mortality,value,0.123855930546313,0.119674984139165,0.119479107481729,0.106702660544322,0.0907581297218515,0.0915387573837195,0.0860038730313651,0.0800541996068093,0.0676161766455636
UGA,Uganda,registration,value,0.218241505288571,0.222542260123727,0.22196184728246,0.259674465882594,0.302714462133869,0.323529423859416,0.326846128814947,0.334059577874963,0.342360801015944
UGA,Uganda,stunting,value,0.35237887920518,0.347100583855945,0.344956680087597,0.339975639720127,0.321505421061705,0.31193419703084,0.301911954006143,0.282006094108186,0.254596996700026
UKR,Ukraine,education,value,0.475055716937097,0.463262436571135,0.458713766372443,0.436385370854418,0.436373537260249,0.436362627057208,0.463872373856951,0.447434940675528,0.458268737223827
UKR,Ukraine,mortality,value,0.0190174711380014,0.020771775814169,0.0145224035550872,0.014514569673475,0.014514569673475,0.0145092197378988,0.014514569673475,0.014514569673475,0.0145316116266909
UZB,Uzbekistan,education,value,0.793612078076607,0.795706563487961,0.799726836563357,0.79376509519509,0.793538759845071,0.793725023003999,0.792460610591812,0.792495899131178,0.792584172676234
UZB,Uzbekistan,mortality,value,0.0520285345532376,0.0509227169491317,0.0503293745365455,0.0519090306722227,0.0522796986388959,0.0519560871349768,0.0517979551771757,0.0517979551771757,0.0523183287963074
UZB,Uzbekistan,stunting,value,0.294859911850193,0.298095725520345,0.291053424524821,0.293081130610783,0.297326680182488,0.295050968160029,0.296276222267849,0.296358235986319,0.296883025923138
VNM,Vietnam,education,value,0.166320820578975,0.199443975139601,0.18760483427376,0.177996609962919,0.160104553209246,0.160495845179241,0.15958723099885,0.16062651434993,0.160323446610953
VNM,Vietnam,mortality,value,0.0377816427961916,0.0303588629290098,0.0320662387900949,0.0330195461906924,0.0367124937885404,0.0370059938284929,0.0369348793188364,0.0368385849057222,0.0369822091946143
YEM,"Yemen, Rep.",mortality,value,0.0590927425071855,0.0596735536408892,0.0593612833080894,0.058547558339917,0.0582630607815256,0.0553238184657506,0.054445430650596,0.0538159930704736,0.0471214755633294
YEM,"Yemen, Rep.",registration,value,0.319543086828989,0.321825087650086,0.330107175729508,0.335987254250607,0.339196348330973,0.368303280509941,0.374337496989537,0.380010357899813,0.44950343519582
YEM,"Yemen, Rep.",stunting,value,0.488989639482292,0.486116920782914,0.481753174327007,0.475725443834827,0.472935772297669,0.448151556596484,0.44294020907763,0.437891970946132,0.381240623338936
ZAF,South Africa,education,value,0.41004573275945,0.409576792409866,0.398760052482467,0.381515733422934,0.385994185511557,0.392592011990921,0.397511110518883,0.40485431792945,0.415895147037231
ZAF,South Africa,mortality,value,0.0467845513223111,0.0467677957647349,0.0469411395854416,0.048220331066298,0.0479183452935669,0.0472986018537586,0.0470124913324473,0.0466971980286471,0.0469405502130258
ZAF,South Africa,stunting,value,0.258760053604292,0.259011970113842,0.261991406094846,0.270967972573438,0.267854351262586,0.263205590336627,0.262765590755282,0.259304889004754,0.256599139189321
ZMB,Zambia,education,value,0.0917490995089326,0.160921548614331,0.230162593028041,0.287890370547748,0.328244556704769,0.338308415563984,0.337464581154962,0.348040300905781,0.358411525004757
ZMB,Zambia,mortality,value,0.156157215546562,0.145147357650124,0.123904845426235,0.108663412708757,0.0920186391249494,0.0848313945906084,0.0786918457734075,0.0718961465049248,0.0652443159486784
ZMB,Zambia,registration,value,0.167290798620348,0.178049274858228,0.211423679680822,0.231633496705671,0.234185146404393,0.228391091274638,0.216389958032935,0.211725504660245,0.206249726541456
ZMB,Zambia,stunting,value,0.418364843940824,0.443694182055443,0.410182584788452,0.394953540703813,0.373841505312891,0.367213243765903,0.360561928139589,0.354821556435402,0.34678940113403
ZWE,Zimbabwe,education,value,0.250143666185723,0.173382731068589,0.102397238054307,0.0960419809855548,0.0928356377117185,0.093939876623957,0.0981672958938354,0.110636384535931,0.134127266150775
ZWE,Zimbabwe,mortality,value,0.0818940405319122,0.0727467600040041,0.0653426256405028,0.0639863911105896,0.0675032436040833,0.0691511497813698,0.0705419119474445,0.0709841311637023,0.0718917235490724
ZWE,Zimbabwe,registration,value,0.758362537955069,0.770689385685555,0.787057818750195,0.700993537099959,0.575539178528051,0.514644224019122,0.492908931579901,0.488597289711997,0.477762850034282
ZWE,Zimbabwe,stunting,value,0.272689993256392,0.307408217011031,0.332329578329038,0.321163385668066,0.319023132415012,0.315055100562961,0.304667119259697,0.289493261995775,0.259962091197466
AGO,Angola,education,weight,0.441296542651015,0.44282516106,0.444190625787954,0.444120504244371,0.445013457003032,0.444865174727333,0.445134879648024,0.445743563409465,0.447893572130228
AGO,Angola,mortality,weight,1.52459161596635,1.50338562520572,1.47982529122306,1.43712364228943,1.4034049948984,1.38280193724064,1.36331750633792,1.34546408844072,1.31389813549894
AGO,Angola,registration,weight,0.19224234532801,0.192713528433507,0.193324467647116,0.194532768882117,0.193079209986648,0.192661408470384,0.191233149657093,0.189237682926088,0.185158113970045
AGO,Angola,stunting,weight,0.19224234532801,0.192713528433507,0.193324467647116,0.194532768882117,0.193079209986648,0.192661408470384,0.191233149657093,0.189237682926088,0.185158113970045
ALB,Albania,education,weight,0.670144437802079,0.691378253618396,0.717857225372034,0.760367875879232,0.785839128673853,0.803005586884051,0.818618762657323,0.832794710787513,0.859657346460261
ALB,Albania,mortality,weight,0.574223225923656,0.510333916740274,0.459806521866211,0.428145162422509,0.419838211103694,0.422160577556836,0.423967756827073,0.42468492332232,0.42070526388525
ALB,Albania,registration,weight,0.0927910991825276,0.0817839492022372,0.0711309504478465,0.0624660303605846,0.0591623853900521,0.0581059107047491,0.057904219444396,0.0582263207732037,0.0587629825193938
ALB,Albania,stunting,weight,0.0927910991825276,0.0817839492022372,0.0711309504478465,0.0624660303605846,0.0591623853900521,0.0581059107047491,0.057904219444396,0.0582263207732037,0.0587629825193938
ARM,Armenia,education,weight,0.736857447471874,0.769481426971144,0.801146558514034,0.819587516912949,0.828306219024371,0.832326118228387,0.836715417592465,0.840792402610344,0.846320493573632
ARM,Armenia,mortality,weight,0.468402239355341,0.468696072310983,0.487120064657399,0.490254374503132,0.479182450401556,0.469858957443805,0.458881712415729,0.447498608266626,0.427998854970337
ARM,Armenia,registration,weight,0.0673023819251062,0.0596174028378033,0.062600880435468,0.0682707199190157,0.0698858099306713,0.0713663232468096,0.0718556433096442,0.0717753568843973,0.0706723278213068
ARM,Armenia,stunting,weight,0.0673023819251062,0.0596174028378033,0.062600880435468,0.0682707199190157,0.0698858099306713,0.0713663232468096,0.0718556433096442,0.0717753568843973,0.0706723278213068
AZE,Azerbaijan,education,weight,0.643823923584219,0.66582420127276,0.693450812274811,0.717710886497701,0.731560650511505,0.737485577195275,0.742248183580243,0.746053241783125,0.753337003788801
AZE,Azerbaijan,mortality,weight,0.572629600360064,0.519094248458624,0.594414781797038,0.571055994317784,0.573342174035548,0.579432875640868,0.583155296139697,0.567889641354754,0.538255479026034
AZE,Azerbaijan,registration,weight,0.0922593081185107,0.0789105639037064,0.0753219786358669,0.0760179793203582,0.0777472151843378,0.0803525850474981,0.0834825521391555,0.086717822601345,0.0900860452837299
AZE,Azerbaijan,stunting,weight,0.0922593081185107,0.0789105639037064,0.0753219786358669,0.0760179793203582,0.0777472151843378,0.0803525850474981,0.0834825521391555,0.086717822601345,0.0900860452837299
BDI,Burundi,education,weight,0.42290440884477,0.431760894570265,0.448938255742176,0.462561729128887,0.470598600344288,0.471439840823257,0.472639726420422,0.473867021669311,0.475125620115035
BDI,Burundi,mortality,weight,1.52819449388217,1.5407765083574,1.55773317216471,1.53433413205736,1.50060535630692,1.47227458095027,1.44479404620448,1.41776177156512,1.36487599697116
BDI,Burundi,registration,weight,0.181904024291987,0.174499211756546,0.172340370787526,0.176956174697237,0.179916677845031,0.182579703404557,0.183405005868213,0.183010355316963,0.181705410790795
BDI,Burundi,stunting,weight,0.181904024291987,0.174499211756546,0.172340370787526,0.176956174697237,0.179916677845031,0.182579703404557,0.183405005868213,0.183010355316963,0.181705410790795
BEN,Benin,education,weight,0.475481974024377,0.476933957613327,0.480836727203077,0.483706349271273,0.486471601924978,0.487625167969919,0.489064879862156,0.49073958961739,0.494660671238461
BEN,Benin,mortality,weight,1.36975967804814,1.32812377662637,1.29745603749732,1.26714308297014,1.24871697357199,1.23666225759719,1.22464559180854,1.21203845661757,1.18528239114324
BEN,Benin,registration,weight,0.178791230986561,0.175860953477534,0.172453212595037,0.170863980226545,0.169449827127287,0.169120017520713,0.168245254472123,0.167026606781268,0.164433363130465
BEN,Benin,stunting,weight,0.178791230986561,0.175860953477534,0.172453212595037,0.170863980226545,0.169449827127287,0.169120017520713,0.168245254472123,0.167026606781268,0.164433363130465
BFA,Burkina Faso,education,weight,0.447548484781677,0.448624558949005,0.451053497436224,0.452464941071011,0.45402690143004,0.454641847394974,0.455610631159654,0.456813965301802,0.459610692984614
BFA,Burkina Faso,mortality,weight,1.50844900899572,1.47468710220053,1.4356030892714,1.38183505070142,1.34595096368771,1.3254458528944,1.30618105494669,1.28833306633836,1.25403924283967
BFA,Burkina Faso,stunting,weight,0.187332265267096,0.187324154360777,0.18523990765862,0.184218003793944,0.182179273320944,0.181631676300995,0.180219582073895,0.178322671399204,0.174551544795605
BGD,Bangladesh,education,weight,0.54911499263286,0.569304537376849,0.59012870930065,0.610299680298829,0.622624596681026,0.630017793278715,0.636982333931803,0.643585110538343,0.656194508324975
BGD,Bangladesh,mortality,weight,0.807461281626209,0.758074532576238,0.708605464981913,0.663039275346867,0.639218263352193,0.629237279974971,0.619835482736208,0.611302369790842,0.595420229695012
BGD,Bangladesh,registration,weight,0.130046993213098,0.124103554922482,0.116742333423825,0.109316279071486,0.104084111276864,0.101408057265375,0.0993253201632298,0.0976713143618993,0.0946267305922037
BGD,Bangladesh,stunting,weight,0.130046993213098,0.124103554922482,0.116742333423825,0.109316279071486,0.104084111276864,0.101408057265375,0.0993253201632298,0.0976713143618993,0.0946267305922037
BOL,Bolivia,education,weight,0.55602482232846,0.568962024193336,0.583504173518715,0.599461129902397,0.610504231145554,0.615954767838661,0.621530802495729,0.627269659408294,0.639349190746771
BOL,Bolivia,mortality,weight,1.00164772151224,0.943216125143775,0.88439132242445,0.832018817776387,0.801501878759989,0.788459093982285,0.776534254256152,0.76631326865229,0.748322366596072
BOL,Bolivia,registration,weight,0.140705130868656,0.1361662192288,0.129731542903406,0.123795672415605,0.119907515886885,0.118145775110321,0.116160212833181,0.114093246662465,0.110545065909984
BOL,Bolivia,stunting,weight,0.140705130868656,0.1361662192288,0.129731542903406,0.123795672415605,0.119907515886885,0.118145775110321,0.116160212833181,0.114093246662465,0.110545065909984
BRA,Brazil,education,weight,0.638214215119052,0.662523308476074,0.689437955005812,0.714217636881709,0.729995281623722,0.737998412860355,0.745745278759005,0.753443781503872,0.769656168284224
BRA,Brazil,mortality,weight,0.651116863882549,0.601097676477884,0.551322456281083,0.517366825325698,0.503614099527323,0.498700589252379,0.494058901516253,0.489478980727828,0.479601066724349
BRA,Brazil,stunting,weight,0.102091040639191,0.0965279804202506,0.0879180463538514,0.0803579626168095,0.0770673088617619,0.0756479540989063,0.0746394825956751,0.0738593719815084,0.0722221521985558
CAF,Central African Republic,education,weight,0.50866825375288,0.507429035914051,0.507232805068203,0.504893254695874,0.50377482335628,0.5009839154917,0.497573428364741,0.493740759628241,0.485794379372362
CAF,Central African Republic,mortality,weight,1.29829555839883,1.29089446474238,1.28181992359812,1.25268444792298,1.23793093817023,1.2180797789169,1.19820519920533,1.17856117064897,1.14194760215508
CAF,Central African Republic,stunting,weight,0.16315899417709,0.164368978276563,0.162788472323397,0.162295320019119,0.160314855206932,0.161134413652819,0.161324660939062,0.161055795796036,0.160205565074087
CIV,Cote d'Ivoire,education,weight,0.484918902823485,0.484902385937582,0.482078619270525,0.483339150109414,0.484103042638696,0.485278895643183,0.48655317270754,0.487987996839365,0.491642486275683
CIV,Cote d'Ivoire,mortality,weight,1.31532100144115,1.2731547567875,1.23503254658792,1.209031025097,1.19500504251389,1.1892115996337,1.18329239493351,1.17697601977428,1.1621892007855
CIV,Cote d'Ivoire,registration,weight,0.173279099330445,0.172831449661104,0.169758020974788,0.166135594804162,0.165043684402568,0.164431404838836,0.16395989971895,0.16358680592054,0.162912467143551
CIV,Cote d'Ivoire,stunting,weight,0.173279099330445,0.172831449661104,0.169758020974788,0.166135594804162,0.165043684402568,0.164431404838836,0.16395989971895,0.16358680592054,0.162912467143551
CMR,Cameroon,education,weight,0.47064291855727,0.474905385199611,0.480322629696938,0.485305030881378,0.489030801487658,0.490314633910801,0.4917269996456,0.493210836808595,0.496338346046992
CMR,Cameroon,mortality,weight,1.26461232104949,1.2483329666331,1.23908283050031,1.21929032584109,1.20129742747578,1.18821326510155,1.17473488534998,1.16113658588507,1.1345313059884
CMR,Cameroon,registration,weight,0.171929204183994,0.170685645305275,0.171197545370064,0.171598277210228,0.169988465988486,0.169468295182278,0.168404587395435,0.167007923774394,0.163854573045934
CMR,Cameroon,stunting,weight,0.171929204183994,0.170685645305275,0.171197545370064,0.171598277210228,0.169988465988486,0.169468295182278,0.168404587395435,0.167007923774394,0.163854573045934
COD,"Congo, Dem. Rep.",education,weight,0.470409605551317,0.46905651852747,0.467978261461301,0.465676840928659,0.465097246474588,0.464292577007094,0.463829744842829,0.463627591288783,0.463842441647235
COD,"Congo, Dem. Rep.",mortality,weight,1.51277339741595,1.5047669848686,1.49613718332363,1.47437754649349,1.45552822894279,1.44106725066856,1.42544594057178,1.40901447032336,1.3742277686745
COD,"Congo, Dem. Rep.",registration,weight,0.183987579247668,0.184761643522808,0.186293265497116,0.188092154439404,0.187941859047023,0.188250320245812,0.187921340332985,0.187164515287299,0.18503197287701
COD,"Congo, Dem. Rep.",stunting,weight,0.183987579247668,0.184761643522808,0.186293265497116,0.188092154439404,0.187941859047023,0.188250320245812,0.187921340332985,0.187164515287299,0.18503197287701
COL,Colombia,education,weight,0.622528289998655,0.643367555370152,0.664458940026957,0.686250393243712,0.701788769638219,0.710045717587241,0.718242607623981,0.726410202912694,0.742907714230423
COL,Colombia,mortality,weight,0.672207854285662,0.644354453132133,0.613951005362402,0.581743446661295,0.560834380632582,0.550770369283042,0.540642162133338,0.530911427676622,0.513043336598885
COL,Colombia,registration,weight,0.105222193871913,0.0984837762431947,0.095016395162044,0.0900283375581327,0.0855654810516148,0.0833576168486014,0.0816017627431731,0.0801953058175485,0.0775114545893666
COL,Colombia,stunting,weight,0.105222193871913,0.0984837762431947,0.095016395162044,0.0900283375581327,0.0855654810516148,0.0833576168486014,0.0816017627431731,0.0801953058175485,0.0775114545893666
COM,Comoros,education,weight,0.476398980477813,0.484288477642339,0.494339897016007,0.504387491168302,0.510492034563256,0.513043149455234,0.51543871956206,0.517790956407283,0.52286525112043
COM,Comoros,mortality,weight,1.25865602350748,1.23185392814497,1.20766462129573,1.17802920452142,1.15560022676658,1.14214279669053,1.12766349939629,1.11266886220438,1.08142422196068
COM,Comoros,registration,weight,0.165079899329303,0.161563180445319,0.158091968117719,0.156118053579661,0.154805885491579,0.154488251827823,0.153896737223394,0.15307537113758,0.150828043502029
COM,Comoros,stunting,weight,0.165079899329303,0.161563180445319,0.158091968117719,0.156118053579661,0.154805885491579,0.154488251827823,0.153896737223394,0.15307537113758,0.150828043502029
DOM,Dominican Republic,education,weight,0.59122038463541,0.60778934237319,0.622807295396255,0.637612237472742,0.647467798162207,0.653048169719308,0.658493300805011,0.663817499304914,0.67434589199541
DOM,Dominican Republic,mortality,weight,0.754446599566717,0.738664892834713,0.719284309276476,0.696987532623325,0.681040631539215,0.673101250810304,0.664500623685679,0.655500677249381,0.637401835074829
DOM,Dominican Republic,registration,weight,0.121084925028327,0.115726938797646,0.114065943820663,0.110944003586361,0.107679590251583,0.105990266378116,0.104606667385528,0.103435229067469,0.100891218123477
DOM,Dominican Republic,stunting,weight,0.121084925028327,0.115726938797646,0.114065943820663,0.110944003586361,0.107679590251583,0.105990266378116,0.104606667385528,0.103435229067469,0.100891218123477
EGY,"Egypt, Arab Rep.",education,weight,0.566935965963568,0.582867616309482,0.60048061086251,0.618713966005307,0.627619044666692,0.631427103470998,0.632748087649385,0.632526045704495,0.632648950091649
EGY,"Egypt, Arab Rep.",mortality,weight,0.801388992870176,0.788811076443708,0.782296686983253,0.80088060368447,0.832991551905242,0.848614702273095,0.856977583157714,0.857302919085936,0.839850249188041
EGY,"Egypt, Arab Rep.",registration,weight,0.119655648714034,0.117664191279359,0.117233117531053,0.116454887647139,0.117334231959981,0.118211982759324,0.121808801996419,0.126671470872098,0.131954411226766
EGY,"Egypt, Arab Rep.",stunting,weight,0.119655648714034,0.117664191279359,0.117233117531053,0.116454887647139,0.117334231959981,0.118211982759324,0.121808801996419,0.126671470872098,0.131954411226766
ETH,Ethiopia,education,weight,0.457358688201123,0.458152213481096,0.46265501985609,0.47010257317237,0.476179192889213,0.480368838160202,0.484816132571487,0.489631165236035,0.500776066794526
ETH,Ethiopia,mortality,weight,1.46622550600322,1.37222597655952,1.26571926155096,1.17343526112056,1.12809990554906,1.11087870456719,1.09463688160005,1.07807062354786,1.04388704166341
ETH,Ethiopia,registration,weight,0.187009360898884,0.185253218894348,0.175753002049524,0.164838015231348,0.158880237588189,0.15606882398004,0.153994489517772,0.152382371300955,0.149200133885999
ETH,Ethiopia,stunting,weight,0.187009360898884,0.185253218894348,0.175753002049524,0.164838015231348,0.158880237588189,0.15606882398004,0.153994489517772,0.152382371300955,0.149200133885999
GAB,Gabon,education,weight,0.544660808801852,0.550052214028931,0.55841959265354,0.570771507231916,0.578682033783443,0.58125378358375,0.58399058141988,0.586854729797773,0.593201270610481
GAB,Gabon,mortality,weight,1.03172318437941,1.00590715784464,0.995305289760149,0.992684298496428,0.988293742946801,0.98539493346281,0.980552835042011,0.973584849937241,0.95372859394315
GAB,Gabon,registration,weight,0.152115219017067,0.146991838765401,0.142694241286955,0.14016793727183,0.140192767646641,0.140544200210242,0.140598024723121,0.140309683795445,0.138288282220604
GAB,Gabon,stunting,weight,0.152115219017067,0.146991838765401,0.142694241286955,0.14016793727183,0.140192767646641,0.140544200210242,0.140598024723121,0.140309683795445,0.138288282220604
GHA,Ghana,education,weight,0.501586640344132,0.509352428270776,0.519339813307007,0.527471591457391,0.532725992202833,0.534113931412354,0.535765936651607,0.537577945588441,0.541500199437724
GHA,Ghana,mortality,weight,1.16001234834691,1.1283444628372,1.10792047544701,1.09301026034314,1.0829259613204,1.07412752341732,1.06418868437194,1.05285621293353,1.02629442725581
GHA,Ghana,registration,weight,0.157857872891063,0.155166614319102,0.150529423891495,0.148322288051541,0.147775875360786,0.148410507119199,0.148404339820141,0.147884423779475,0.145846508805119
GHA,Ghana,stunting,weight,0.157857872891063,0.155166614319102,0.150529423891495,0.148322288051541,0.147775875360786,0.148410507119199,0.148404339820141,0.147884423779475,0.145846508805119
GIN,Guinea,education,weight,0.488535960698263,0.48710166417443,0.486629639035733,0.488097472085456,0.489824536693814,0.490841348495084,0.492126017424331,0.493646847583018,0.497247751823487
GIN,Guinea,mortality,weight,1.38529949423176,1.3422763049577,1.29760703282626,1.24965810448021,1.22008562321015,1.20396791857307,1.18842168223911,1.17347625136717,1.14497939632804
GIN,Guinea,registration,weight,0.176144813714631,0.174003479785049,0.171466101913789,0.169431361110794,0.1674729039067,0.166708623428547,0.165436950381617,0.163901876996577,0.161221727532669
GIN,Guinea,stunting,weight,0.176144813714631,0.174003479785049,0.171466101913789,0.169431361110794,0.1674729039067,0.166708623428547,0.165436950381617,0.163901876996577,0.161221727532669
GMB,"Gambia, The",education,weight,0.454421063316032,0.455728486707081,0.456921977581122,0.456341948121813,0.45698416660086,0.456564831652778,0.456327499683529,0.456454956640059,0.458545288643343
GMB,"Gambia, The",mortality,weight,1.41023474319003,1.40549496816642,1.38797782532379,1.36340138161299,1.35215145374486,1.34363094397576,1.3346513876419,1.32553219141724,1.30494795265334
GMB,"Gambia, The",registration,weight,0.18873330394331,0.189681481159506,0.188027405891782,0.185642757233199,0.183456283644388,0.182596576095888,0.181609236222631,0.180526759355919,0.177981314573742
GMB,"Gambia, The",stunting,weight,0.18873330394331,0.189681481159506,0.188027405891782,0.185642757233199,0.183456283644388,0.182596576095888,0.181609236222631,0.180526759355919,0.177981314573742
GTM,Guatemala,education,weight,0.485069324160335,0.496584171605962,0.508761452606122,0.523986046428412,0.535462640318905,0.542413321066539,0.549091348429118,0.555752404249741,0.570224468807694
GTM,Guatemala,mortality,weight,1.11740773128936,1.0530214511534,0.966213248856829,0.89171077173996,0.855316944079528,0.842154437912571,0.830173649734919,0.81862226024714,0.79870956475726
GTM,Guatemala,stunting,weight,0.164618227751701,0.15822025556207,0.152040145302072,0.140898675837546,0.133165623406573,0.12921187617567,0.126751671478929,0.125307911424099,0.122691106096475
GUY,Guyana,education,weight,0.585882016163631,0.588977984480161,0.584230908018578,0.599755513324258,0.60741776863642,0.612796654626685,0.619631020084004,0.627388714855479,0.642811519560274
GUY,Guyana,mortality,weight,0.812828105222462,0.773048266368752,0.724795783434962,0.701854154048999,0.689971609745512,0.686353479865705,0.681404781885879,0.675260658218097,0.661755975818267
GUY,Guyana,registration,weight,0.12999486280512,0.118436207423959,0.110839304714206,0.103248256751904,0.10010461329915,0.0985348987778585,0.0979110122003686,0.0978924304523155,0.0978069365034339
GUY,Guyana,stunting,weight,0.12999486280512,0.118436207423959,0.110839304714206,0.103248256751904,0.10010461329915,0.0985348987778585,0.0979110122003686,0.0978924304523155,0.0978069365034339
HND,Honduras,education,weight,0.495674335104679,0.511030765624895,0.528218708064411,0.547539082488316,0.562431763023439,0.570426618048782,0.578743610616538,0.587358495322076,0.605152017840967
HND,Honduras,mortality,weight,1.00795432812099,0.939032470888421,0.864270468832009,0.792037716350001,0.748778120028087,0.73035946673206,0.71432810845033,0.700429845046973,0.679440355645904
HND,Honduras,registration,weight,0.156561928995334,0.14808405395588,0.139628232722084,0.129393368950265,0.121998120267263,0.118299980638438,0.114857015546734,0.111712060301797,0.106539544414615
HND,Honduras,stunting,weight,0.156561928995334,0.14808405395588,0.139628232722084,0.129393368950265,0.121998120267263,0.118299980638438,0.114857015546734,0.111712060301797,0.106539544414615
HTI,Haiti,education,weight,0.516778004951765,0.530708840582503,0.54858814556013,0.566379845812437,0.57712498076508,0.58250877310521,0.587895820293264,0.593300566781715,0.604172997925346
HTI,Haiti,mortality,weight,1.0739407339295,1.01217153886972,0.955529751469438,0.903986350777979,0.869400217988545,0.851616817620237,0.834915177607781,0.819406067690474,0.791839186949653
HTI,Haiti,registration,weight,0.144546954192112,0.13895139463011,0.132352693522729,0.127619494319539,0.124770791015008,0.12361570584783,0.121811504218446,0.119611057673965,0.115538866281439
HTI,Haiti,stunting,weight,0.144546954192112,0.13895139463011,0.132352693522729,0.127619494319539,0.124770791015008,0.12361570584783,0.121811504218446,0.119611057673965,0.115538866281439
IDN,Indonesia,education,weight,0.627557109955437,0.644148557089201,0.649774645948331,0.662498806358186,0.667493995150672,0.671643772353389,0.675020017738541,0.678114841933554,0.68525388018215
IDN,Indonesia,mortality,weight,0.687883951091646,0.691013966498016,0.688681651997545,0.688585901767595,0.681775654959386,0.676518458335248,0.669515286652516,0.661480890488367,0.643715359500814
IDN,Indonesia,registration,weight,0.102341678935663,0.1000318893918,0.100040741425667,0.0988334402901021,0.0981060349947376,0.0966035490043334,0.0961708095458564,0.0962158872793529,0.0952598335168576
IND,India,education,weight,0.589011298358744,0.603131863242922,0.618947963060628,0.634628799550935,0.645568267990965,0.651205431959763,0.657116597932148,0.663264649717673,0.67592667201836
IND,India,mortality,weight,0.833322988296744,0.792583608813733,0.747810180490779,0.696192529052422,0.661597043719331,0.645786827025087,0.632253855673679,0.621087371305421,0.604994148604951
IND,India,registration,weight,0.122784556183647,0.118481827051094,0.113256993402817,0.108388270499222,0.104375739335321,0.102335990476735,0.0998615092790782,0.0972014872774989,0.0927504094437712
IND,India,stunting,weight,0.122784556183647,0.118481827051094,0.113256993402817,0.108388270499222,0.104375739335321,0.102335990476735,0.0998615092790782,0.0972014872774989,0.0927504094437712
JOR,Jordan,education,weight,0.519324511962431,0.533135127884601,0.549842904870974,0.560500637476054,0.565479938624238,0.566680130822802,0.568236970911207,0.570256797059123,0.5767604682954
JOR,Jordan,mortality,weight,0.989974021799451,0.954007671704603,0.94073688803035,0.938388450278813,0.933687762438866,0.92909192322422,0.921881037248474,0.911753299088995,0.884857651894405
JOR,Jordan,registration,weight,0.14778628554086,0.142732211665212,0.136637352687058,0.134795284737525,0.135843278843092,0.135964227312134,0.13572256930156,0.135047665888667,0.131223028117739
JOR,Jordan,stunting,weight,0.14778628554086,0.142732211665212,0.136637352687058,0.134795284737525,0.135843278843092,0.135964227312134,0.13572256930156,0.135047665888667,0.131223028117739
KAZ,Kazakhstan,education,weight,0.694157975986563,0.710611213457541,0.726537891192358,0.732927901609622,0.735444795251234,0.737341715036681,0.738442313178184,0.738190706942017,0.735004930237564
KAZ,Kazakhstan,mortality,weight,0.463545280592943,0.559522769231748,0.631285792243085,0.767686455721874,0.734140529976929,0.721390759470304,0.717441963116163,0.70873649653489,0.704324139531844
KAZ,Kazakhstan,stunting,weight,0.0751323671674696,0.072142088839883,0.0798039515075192,0.0908559584805751,0.097947384282118,0.103005704381453,0.106958090804429,0.109998053146203,0.112174951153939
KEN,Kenya,education,weight,0.453369485107731,0.460880002856435,0.470660839107327,0.480205658087451,0.485759862118036,0.488670757137071,0.491852704714176,0.495312387741856,0.502998645454379
KEN,Kenya,mortality,weight,1.243219817973,1.21454259941942,1.18032398928426,1.11866386619512,1.07046064913369,1.04783784278118,1.02795372602756,1.01122288635545,0.984425032105099
KEN,Kenya,registration,weight,0.171685015280026,0.174303469358366,0.168655179797567,0.165327161332516,0.162734835565437,0.161030540401515,0.158119970359224,0.154513604112571,0.148132874259518
KEN,Kenya,stunting,weight,0.171685015280026,0.174303469358366,0.168655179797567,0.165327161332516,0.162734835565437,0.161030540401515,0.158119970359224,0.154513604112571,0.148132874259518
KGZ,Kyrgyz Republic,education,weight,0.594511653383916,0.61208357876933,0.630696529966536,0.633749318745418,0.635325047276259,0.639219101728082,0.641879492269298,0.643233638919661,0.644219209694945
KGZ,Kyrgyz Republic,mortality,weight,0.668610580026586,0.640447521374304,0.693641083214114,0.78457112191503,0.864351492399409,0.856702502451604,0.87402391016545,0.835146319106375,0.837837741072523
KGZ,Kyrgyz Republic,registration,weight,0.113098786658718,0.101771318549403,0.0951456413976735,0.103091658989398,0.111625013693345,0.116911161152072,0.121331630112121,0.124728307244613,0.127474787324929
KGZ,Kyrgyz Republic,stunting,weight,0.113098786658718,0.101771318549403,0.0951456413976735,0.103091658989398,0.111625013693345,0.116911161152072,0.121331630112121,0.124728307244613,0.127474787324929
LBR,Liberia,education,weight,0.486304683898652,0.48958406150265,0.492020431030798,0.494589248460878,0.496421545335681,0.497016138956052,0.497445081391875,0.498054899004969,0.500708106608506
LBR,Liberia,mortality,weight,1.3844165861529,1.33570836026887,1.27445736787331,1.20582746062643,1.16640652880245,1.14882865568614,1.13280069696527,1.11827113872057,1.09238137887199
LBR,Liberia,registration,weight,0.172184754776155,0.175203110287482,0.172645502028992,0.169096011728124,0.165554074125106,0.163726947232956,0.161987508480693,0.160180603612492,0.156597223765563
LBR,Liberia,stunting,weight,0.172184754776155,0.175203110287482,0.172645502028992,0.169096011728124,0.165554074125106,0.163726947232956,0.161987508480693,0.160180603612492,0.156597223765563
LSO,Lesotho,education,weight,0.511926717085323,0.519769348923776,0.531289283477261,0.545141591030318,0.553408562125377,0.557267965241313,0.561023713780902,0.564742000278495,0.572437246779244
LSO,Lesotho,mortality,weight,1.0307025554841,0.956889761978982,0.887642885830956,0.853793062153707,0.845247372406035,0.844119980834846,0.843546775340371,0.841664076336499,0.83240498231212
LSO,Lesotho,registration,weight,0.14745289187422,0.141621427831727,0.131848093318472,0.126259482211619,0.126451382099478,0.127156624743297,0.127821272140736,0.128332802798955,0.128793881138738
LSO,Lesotho,stunting,weight,0.14745289187422,0.141621427831727,0.131848093318472,0.126259482211619,0.126451382099478,0.127156624743297,0.127821272140736,0.128332802798955,0.128793881138738
MAR,Morocco,education,weight,0.596216136207608,0.622088022680582,0.645303537515104,0.666313658761876,0.67796447967918,0.683754158874678,0.688706316183501,0.693094674481464,0.702272605322798
MAR,Morocco,mortality,weight,0.757778058029854,0.73400304075884,0.716119040757279,0.712331816811141,0.713715083880761,0.712725200323712,0.708098413471735,0.700228229089406,0.676890594773447
MAR,Morocco,stunting,weight,0.109682812139168,0.102152555013372,0.101199086165901,0.0996314949816527,0.0980815675288185,0.0977780209731232,0.0982241143296336,0.0990722833634812,0.0993233145379039
MDA,Moldova,education,weight,0.756748235169696,0.781673908114297,0.81214630363901,0.839215442639543,0.853261594641922,0.860812628740115,0.866940277447768,0.871722445323234,0.880795415412961
MDA,Moldova,mortality,weight,0.415404142067724,0.362063658458508,0.347198103618628,0.352952300897009,0.353023472697938,0.350404546657416,0.346520481222631,0.341725558655616,0.331579760534799
MDA,Moldova,stunting,weight,0.0598224496699664,0.0536254581159824,0.0494022187224307,0.0518139629910689,0.0538894696767528,0.0549177668246361,0.0553844446839206,0.0553971143647426,0.0546532850530143
MDG,Madagascar,education,weight,0.472587403817268,0.474456657357293,0.47767945004502,0.481527773411294,0.485376610344607,0.487554218414129,0.490156687202394,0.49317828438323,0.500318528290014
MDG,Madagascar,mortality,weight,1.30404638121295,1.23353896142241,1.16999832156478,1.11613829815271,1.08490630693412,1.07057892977127,1.05824697668489,1.04764031779423,1.0284111047335
MDG,Madagascar,registration,weight,0.181159211659017,0.177914422573245,0.170725225588303,0.164600593774772,0.161220832048957,0.159710908091676,0.157878214826529,0.155903230792434,0.152661087196213
MDG,Madagascar,stunting,weight,0.181159211659017,0.177914422573245,0.170725225588303,0.164600593774772,0.161220832048957,0.159710908091676,0.157878214826529,0.155903230792434,0.152661087196213
MDV,Maldives,education,weight,0.491522413464024,0.535405908495732,0.59451930383086,0.645629864831757,0.679114815123029,0.692003084388443,0.703891888972493,0.714634483930154,0.733253787356267
MDV,Maldives,mortality,weight,0.76150772745158,0.678661886415526,0.631204159975914,0.613306585674044,0.605650954162872,0.598965320985482,0.589799184880411,0.578099769248384,0.548971936348905
MDV,Maldives,registration,weight,0.124295020329646,0.103925445749076,0.0938127258129266,0.0902124897116957,0.0903930777925313,0.0909241161636357,0.0916103272648179,0.0922377370740091,0.0918246870264765
MDV,Maldives,stunting,weight,0.124295020329646,0.103925445749076,0.0938127258129266,0.0902124897116957,0.0903930777925313,0.0909241161636357,0.0916103272648179,0.0922377370740091,0.0918246870264765
MLI,Mali,education,weight,0.457226020878907,0.455849929619232,0.45420910250931,0.450044153822141,0.448072545929009,0.445950119033116,0.444244462666052,0.442844965637069,0.440647634606696
MLI,Mali,mortality,weight,1.53248092697439,1.52349647012529,1.5092028270549,1.47254677605718,1.44553682650196,1.42501700586642,1.40577807856915,1.38770074441895,1.35320025723737
MLI,Mali,registration,weight,0.188387828830919,0.190530323208128,0.192723655047547,0.195519717622082,0.194462902056712,0.194643777519965,0.193479028892027,0.191505877780663,0.187437732257998
MLI,Mali,stunting,weight,0.188387828830919,0.190530323208128,0.192723655047547,0.195519717622082,0.194462902056712,0.194643777519965,0.193479028892027,0.191505877780663,0.187437732257998
MMR,Myanmar,education,weight,0.6107131700523,0.626642981794449,0.63982715106239,0.651607327889604,0.657481734319897,0.66229661632793,0.66668559252663,0.671072395014903,0.681668019656302
MMR,Myanmar,mortality,weight,0.816587564087863,0.804326026537337,0.757693865249955,0.694636323388499,0.658212698064451,0.64544354628327,0.633878167882302,0.623576025418038,0.608357048907903
MMR,Myanmar,registration,weight,0.109926047829229,0.111204647648683,0.109739758034071,0.104055565674172,0.0980381050315601,0.0941467812816005,0.0914712414300364,0.0897105647335918,0.0868809055730783
MMR,Myanmar,stunting,weight,0.109926047829229,0.111204647648683,0.109739758034071,0.104055565674172,0.0980381050315601,0.0941467812816005,0.0914712414300364,0.0897105647335918,0.0868809055730783
MOZ,Mozambique,education,weight,0.474199390084113,0.472635239831406,0.471386845184079,0.469018457029528,0.468559953124697,0.468368981695517,0.468478010078892,0.468916158127773,0.470973706884364
MOZ,Mozambique,mortality,weight,1.4022772202974,1.37785557886435,1.34950224465105,1.31430858684307,1.29487164609684,1.28416481898558,1.2736867424233,1.26331622073644,1.24213142569294
MOZ,Mozambique,registration,weight,0.18201626011082,0.183294977543224,0.182895400551563,0.181438107950123,0.179143357739018,0.178179140084481,0.176993004683485,0.175689851018563,0.172934445218157
MOZ,Mozambique,stunting,weight,0.18201626011082,0.183294977543224,0.182895400551563,0.181438107950123,0.179143357739018,0.178179140084481,0.176993004683485,0.175689851018563,0.172934445218157
MWI,Malawi,education,weight,0.455971876169819,0.449979620080066,0.44700541153511,0.449511851904689,0.453324869887255,0.455828379613188,0.459360845793443,0.463416769874825,0.470724391436312
MWI,Malawi,mortality,weight,1.38370087236389,1.35154210829391,1.33485959450018,1.2782878033129,1.21915732530472,1.18723493309374,1.15939294763045,1.13656936831723,1.10246336033709
MWI,Malawi,registration,weight,0.183018136226829,0.182558282975606,0.180049402939176,0.180634109056847,0.179430129538311,0.178648355145262,0.175616265894811,0.17133807681055,0.164329790937614
MWI,Malawi,stunting,weight,0.183018136226829,0.182558282975606,0.180049402939176,0.180634109056847,0.179430129538311,0.178648355145262,0.175616265894811,0.17133807681055,0.164329790937614
NAM,Namibia,education,weight,0.517463917540491,0.522518192701545,0.523427887512967,0.528420329975862,0.53208014277289,0.536717353802605,0.541198650584114,0.545545290581525,0.55431231477087
NAM,Namibia,mortality,weight,1.04204850851298,0.981280328944954,0.946585215325861,0.943857556363367,0.950017327206499,0.95274968552778,0.951421212320649,0.94567669852913,0.924240921768422
NAM,Namibia,registration,weight,0.148968404963282,0.141471710652386,0.137197193778759,0.134639715492526,0.134939618217058,0.135226440309855,0.136114533121255,0.137256374758851,0.138123439790069
NAM,Namibia,stunting,weight,0.148968404963282,0.141471710652386,0.137197193778759,0.134639715492526,0.134939618217058,0.135226440309855,0.136114533121255,0.137256374758851,0.138123439790069
NER,Niger,education,weight,0.443650795516393,0.440219247389964,0.435534592261542,0.429830155229688,0.426457816705623,0.424667163320398,0.42325478058484,0.42204305800146,0.420186554654011
NER,Niger,mortality,weight,1.69309981583568,1.66215166780614,1.63584739262931,1.59891237574961,1.57979856926835,1.56729233150403,1.55638716770265,1.54632987629467,1.5270140091229
NER,Niger,registration,weight,0.205857470227896,0.20923848548317,0.20795250502425,0.20807735536287,0.207078872456392,0.207331043725103,0.206856908957179,0.205998219508044,0.204357670062512
NER,Niger,stunting,weight,0.205857470227896,0.20923848548317,0.20795250502425,0.20807735536287,0.207078872456392,0.207331043725103,0.206856908957179,0.205998219508044,0.204357670062512
NGA,Nigeria,education,weight,0.482001807491936,0.484172788907578,0.485476406092104,0.485276608171119,0.484869464944903,0.484458434402624,0.483999102998812,0.483571047655337,0.483326836993529
NGA,Nigeria,mortality,weight,1.40254509273927,1.39205152922537,1.37762522693874,1.35209727108859,1.33574873059364,1.32503655885274,1.3133407521505,1.30135335725766,1.27638836728956
NGA,Nigeria,registration,weight,0.17205002040149,0.174194907537546,0.17508077654015,0.175555794661067,0.174672840871585,0.174390287890423,0.17394767227818,0.173377125630579,0.171701413167188
NGA,Nigeria,stunting,weight,0.17205002040149,0.174194907537546,0.17508077654015,0.175555794661067,0.174672840871585,0.174390287890423,0.17394767227818,0.173377125630579,0.171701413167188
NIC,Nicaragua,education,weight,0.515460771744918,0.540651690411343,0.567310880993738,0.594817518044465,0.611388809785373,0.619470741630789,0.627453453393571,0.6353620610875,0.651143397340554
NIC,Nicaragua,mortality,weight,0.812443264833609,0.756876428631646,0.717046328895412,0.686555328745736,0.665477232328735,0.655354747392309,0.64559492280811,0.636288221049618,0.618786815292457
NIC,Nicaragua,stunting,weight,0.135742592160464,0.126420317216747,0.118445060259464,0.112850357118216,0.10985062182376,0.108457045845085,0.106457820148586,0.104075656158643,0.0995634517482729
NPL,Nepal,education,weight,0.520733558089676,0.531535430484413,0.543111178473571,0.559384791042328,0.571089769845723,0.578998244544709,0.5874913151617,0.596505378990676,0.615610792020347
NPL,Nepal,mortality,weight,0.996405339075148,0.900483741046998,0.804929165354604,0.727946359818101,0.677144012258828,0.654539322361778,0.63469587517943,0.618295287706301,0.59469456004541
NPL,Nepal,registration,weight,0.152453163959951,0.145508273067272,0.13438298133897,0.123984296488035,0.117371310370073,0.113491828711873,0.109202880441289,0.104797981512443,0.0978834766695351
NPL,Nepal,stunting,weight,0.152453163959951,0.145508273067272,0.13438298133897,0.123984296488035,0.117371310370073,0.113491828711873,0.109202880441289,0.104797981512443,0.0978834766695351
PAK,Pakistan,education,weight,0.519119005763134,0.530645013073294,0.546761715245896,0.563113350752579,0.572955795634984,0.57668158546217,0.580753023271505,0.584899108643813,0.592452992051691
PAK,Pakistan,mortality,weight,1.06974246126934,1.00851807988559,0.986767728763871,0.978638103865504,0.966256685367672,0.9546539401021,0.9422528693855,0.928631438369098,0.896220167982864
PAK,Pakistan,registration,weight,0.148294434852234,0.139764699873701,0.130758669079883,0.12987885197112,0.131757601707006,0.133607106239927,0.133878656821136,0.133020328794602,0.130488990244856
PAK,Pakistan,stunting,weight,0.148294434852234,0.139764699873701,0.130758669079883,0.12987885197112,0.131757601707006,0.133607106239927,0.133878656821136,0.133020328794602,0.130488990244856
PER,Peru,education,weight,0.596489624264826,0.616476772099005,0.637273349168221,0.657563461499118,0.671239812795126,0.677501485986897,0.68350671595813,0.689301539185646,0.700777065009451
PER,Peru,mortality,weight,0.777722438519262,0.740506705607878,0.712490812195952,0.692639613726371,0.682088656771468,0.676230783509105,0.669328786050396,0.66132915400992,0.643340222760357
PER,Peru,registration,weight,0.118309832375889,0.111706888635386,0.107242102850642,0.103067050960451,0.100447513500115,0.099376928470329,0.0985659254453119,0.0979208304416128,0.0962508523050145
PER,Peru,stunting,weight,0.118309832375889,0.111706888635386,0.107242102850642,0.103067050960451,0.100447513500115,0.099376928470329,0.0985659254453119,0.0979208304416128,0.0962508523050145
PHL,Philippines,education,weight,0.539251677666261,0.548320916630865,0.55820125253892,0.58159215568546,0.598069674772069,0.602716069146763,0.607853293521881,0.61309639531692,0.623174153937933
PHL,Philippines,mortality,weight,0.967188870465906,0.937575703074144,0.886150743493093,0.835318318266665,0.811912711286429,0.800517214719738,0.791259551201308,0.782505722122496,0.765080896953808
PHL,Philippines,registration,weight,0.138802601295513,0.136390042916311,0.132404600316493,0.12292836906595,0.116995866457105,0.116251161942652,0.115180740712615,0.114141437619248,0.112414989588106
PRY,Paraguay,education,weight,0.548423124760445,0.564149941530742,0.58539047029601,0.605791726486394,0.619329850919346,0.625996739744985,0.633237275276997,0.640827250343112,0.655829680193953
PRY,Paraguay,mortality,weight,0.886401668136443,0.813914046966088,0.761021159028231,0.721416439850818,0.697583011372859,0.686246270525419,0.676833150944292,0.669094170026298,0.655458729551699
PRY,Paraguay,stunting,weight,0.135602375014359,0.126836283470993,0.115440739899091,0.109962043107111,0.108725107377415,0.108564770753102,0.107213404269894,0.105097621448184,0.101487681878369
RWA,Rwanda,education,weight,0.465527787055307,0.467383485703585,0.483244533058968,0.500513370937799,0.507771594275383,0.509852935182945,0.511291667767878,0.512493629837429,0.516105542623324
RWA,Rwanda,mortality,weight,1.40318615537525,1.34425026396372,1.30036329374585,1.20494537723849,1.13260314475579,1.09774217338098,1.06606066605239,1.03818441457129,0.993892024847745
RWA,Rwanda,registration,weight,0.157008540356209,0.171386344597152,0.161737916566019,0.160249991527754,0.160214220251576,0.159744417756182,0.157857310291893,0.154993386446608,0.149149416494849
RWA,Rwanda,stunting,weight,0.157008540356209,0.171386344597152,0.161737916566019,0.160249991527754,0.160214220251576,0.159744417756182,0.157857310291893,0.154993386446608,0.149149416494849
SEN,Senegal,education,weight,0.465925499990231,0.473444629241308,0.481500554152114,0.48673240986721,0.488951876260005,0.490046447557218,0.491110565882046,0.492130072089524,0.494350577266891
SEN,Senegal,mortality,weight,1.29269897353876,1.2629829073492,1.24729054920743,1.2424202762743,1.2385185320731,1.23180936396363,1.22241811253007,1.21065026655188,1.18004195902902
SEN,Senegal,registration,weight,0.170420329514254,0.167686012304092,0.166209533005525,0.167652412438654,0.168370892154359,0.169035853647864,0.169068835530494,0.168602953132533,0.166441309873258
SEN,Senegal,stunting,weight,0.170420329514254,0.167686012304092,0.166209533005525,0.167652412438654,0.168370892154359,0.169035853647864,0.169068835530494,0.168602953132533,0.166441309873258
SLE,Sierra Leone,education,weight,0.468951093644965,0.468363961298889,0.471888650839276,0.47470932493827,0.478119824095847,0.479560777577081,0.481490341941062,0.483739890182983,0.48866499038655
SLE,Sierra Leone,mortality,weight,1.4862621955053,1.43985762527097,1.38306986017538,1.3001500829147,1.24330712328559,1.21241429190679,1.18445131679234,1.15919410844632,1.11582098272937
SLE,Sierra Leone,registration,weight,0.175550604657304,0.177895688989824,0.175216590490484,0.173016324075822,0.168958116926902,0.167584334767259,0.165193070573437,0.162267000997822,0.156863010617066
SLE,Sierra Leone,stunting,weight,0.175550604657304,0.177895688989824,0.175216590490484,0.173016324075822,0.168958116926902,0.167584334767259,0.165193070573437,0.162267000997822,0.156863010617066
STP,Sao Tome and Principe,education,weight,,,,,0.489845573842035,0.490699648787634,0.49041206446211,0.489530685676237,0.488753970927521
STP,Sao Tome and Principe,mortality,weight,,,,,1.12553751788064,1.11513349962528,1.10294423515389,1.09027193263833,1.06713603240109
STP,Sao Tome and Principe,registration,weight,,,,,0.166464496194999,0.163812485318956,0.162116647438667,0.160999732691794,0.158323489253333
STP,Sao Tome and Principe,stunting,weight,,,,,0.166464496194999,0.163812485318956,0.162116647438667,0.160999732691794,0.158323489253333
TCD,Chad,education,weight,0.436983003156863,0.432090549719354,0.429976325393156,0.428939416245553,0.430481185163029,0.430995760708068,0.431912703354191,0.433228403125089,0.437219801233675
TCD,Chad,mortality,weight,1.57246474447972,1.54019003587104,1.49957246059949,1.44871871606074,1.41690639147561,1.39824963429687,1.38091592203933,1.3647340111476,1.33560437645714
TCD,Chad,registration,weight,0.201794562865968,0.20194585683355,0.199503586072596,0.196215688000388,0.192973404688469,0.191893971155186,0.190457787703781,0.188862708347483,0.185635459127698
TCD,Chad,stunting,weight,0.201794562865968,0.20194585683355,0.199503586072596,0.196215688000388,0.192973404688469,0.191893971155186,0.190457787703781,0.188862708347483,0.185635459127698
TGO,Togo,education,weight,0.47715809656459,0.485214208581581,0.491021261036779,0.495474847722244,0.4981144321241,0.499482504128083,0.500846822209382,0.502227547835373,0.505276407955546
TGO,Togo,mortality,weight,1.28332930780169,1.27091486799501,1.24853738139089,1.20528580106462,1.17328308062223,1.15587550331039,1.13871918314567,1.12215138123288,1.09199032224923
TGO,Togo,stunting,weight,0.164853664692652,0.166159633839528,0.167381308187242,0.167757960336265,0.165607403167733,0.164315065191178,0.162620080078898,0.160700627166441,0.156717325490244
TJK,Tajikistan,education,weight,0.495913956332795,0.510903942499782,0.534016922340358,0.552975550832462,0.563554354145483,0.566969101176313,0.570597989256241,0.574177335030953,0.580558024645571
TJK,Tajikistan,mortality,weight,0.971490685764105,0.922518510120448,0.91278097215892,0.924246029158697,0.928796771209891,0.92527803032416,0.920219907655535,0.91294960386705,0.887141775567941
TJK,Tajikistan,registration,weight,0.146447841145715,0.136377390410735,0.125266333517551,0.126275236421408,0.131490636021872,0.135674299694496,0.137494441883837,0.13758720244173,0.136284522283941
TJK,Tajikistan,stunting,weight,0.146447841145715,0.136377390410735,0.125266333517551,0.126275236421408,0.131490636021872,0.135674299694496,0.137494441883837,0.13758720244173,0.136284522283941
TLS,Timor-Leste,education,weight,,0.416302876177457,0.428306368512009,0.455572361672082,0.470083843691724,0.467810833526147,0.467003868612356,0.467267588537796,0.469911036402406
TLS,Timor-Leste,mortality,weight,,1.39894031681222,1.38294713112638,1.37883710013134,1.34851036060231,1.32166405277856,1.3026257006615,1.28753183092741,1.24982871656685
TLS,Timor-Leste,registration,weight,,0.197126521387098,0.173061804238356,0.164440536348998,0.168216491166091,0.171959841628959,0.17194086261329,0.169480405989022,0.164646764180683
TLS,Timor-Leste,stunting,weight,,0.197126521387098,0.173061804238356,0.164440536348998,0.168216491166091,0.171959841628959,0.17194086261329,0.169480405989022,0.164646764180683
TUR,Turkey,education,weight,0.646542568047277,0.667310508803681,0.687507844950137,0.705558064841533,0.71618371006094,0.720378957073542,0.724192458703785,0.727884431960621,0.736640807457821
TUR,Turkey,mortality,weight,0.691006539726112,0.653199050397548,0.618946502876556,0.595028630906113,0.582612716381949,0.576935359671877,0.571386991200976,0.565402768454723,0.551936328681682
TUR,Turkey,stunting,weight,0.106209373150406,0.102807283355631,0.096152861723818,0.0906135280968206,0.0887323554778208,0.0881609644512939,0.0878161561937097,0.087554578546787,0.0861150629907
TZA,Tanzania,education,weight,0.46656247730805,0.469009621148861,0.469600052812461,0.470731572574359,0.472117230625387,0.472464040654538,0.472801595200967,0.473147012169954,0.474212516465273
TZA,Tanzania,mortality,weight,1.3176356729039,1.31000980628798,1.30279986047389,1.28342469186144,1.25963779147716,1.24428919503918,1.22667598129096,1.20875197638703,1.17885497670553
TZA,Tanzania,registration,weight,0.175099545569194,0.176289840087522,0.180257639668327,0.180376011690648,0.178434266814423,0.177751128899203,0.177159193786785,0.176612583904248,0.174816101818652
TZA,Tanzania,stunting,weight,0.175099545569194,0.176289840087522,0.180257639668327,0.180376011690648,0.178434266814423,0.177751128899203,0.177159193786785,0.176612583904248,0.174816101818652
UGA,Uganda,education,weight,0.421939032173736,0.417856194806325,0.415522357202755,0.416290725089348,0.418401842789022,0.4197405739959,0.421369668506544,0.423251090413309,0.42766328247413
UGA,Uganda,mortality,weight,1.49925577309766,1.46896659738977,1.43094142089874,1.38580960880341,1.35629452836076,1.34044521729402,1.32512312662134,1.31022151724419,1.28222012104312
UGA,Uganda,registration,weight,0.201542036431845,0.201349480228867,0.200922269509171,0.198562520770893,0.195500575583682,0.194068966554859,0.192399384192408,0.190625613204717,0.18712581610994
UGA,Uganda,stunting,weight,0.201542036431845,0.201349480228867,0.200922269509171,0.198562520770893,0.195500575583682,0.194068966554859,0.192399384192408,0.190625613204717,0.18712581610994
UKR,Ukraine,education,weight,0.877191166516978,0.904962082943285,0.933661189208296,0.945390061683035,0.949730895401232,0.951028451552397,0.952578710847606,0.954014234790433,0.954942080087967
UKR,Ukraine,mortality,weight,0.289970386068894,0.294318703910478,0.315936445059729,0.376230397957841,0.368117996427581,0.368230716090804,0.382189682931631,0.371774166960171,0.363699036050077
UZB,Uzbekistan,education,weight,0.558930168803743,0.580564262467179,0.60474032594029,0.627270871721208,0.64119140954996,0.646763950660595,0.65312971812475,0.659687925877634,0.671095174006439
UZB,Uzbekistan,mortality,weight,0.694882671417493,0.673808991788414,0.654591931546669,0.747448676683761,0.666782120770092,0.634561450980875,0.620153214735383,0.661659860255943,0.692962671766353
UZB,Uzbekistan,stunting,weight,0.120598886800488,0.103879577343525,0.09715970696352,0.0999418960085759,0.103281663108475,0.106307725830947,0.106936254363201,0.105957420414528,0.103214851670568
VNM,Vietnam,education,weight,0.633907444312224,0.662271317449753,0.687628650442456,0.711822055313084,0.727819527074063,0.735105993622964,0.742429348690292,0.749427084490218,0.76153704932155
VNM,Vietnam,mortality,weight,0.565206367078826,0.537146649816753,0.54160610518207,0.556131342123846,0.561571647829214,0.561049680440834,0.558335142774258,0.553971257132036,0.542831090691661
YEM,"Yemen, Rep.",mortality,weight,1.35558372470724,1.28698709906748,1.22086762084564,1.15975633285128,1.12348198440017,1.10362943682853,1.0830980457868,1.06131692061828,1.01758122956644
YEM,"Yemen, Rep.",registration,weight,0.181196029760683,0.167457090491525,0.163216161974211,0.159332860359131,0.155797456757253,0.154681852639791,0.153523725074944,0.152326551632957,0.149228403426739
YEM,"Yemen, Rep.",stunting,weight,0.181196029760683,0.167457090491525,0.163216161974211,0.159332860359131,0.155797456757253,0.154681852639791,0.153523725074944,0.152326551632957,0.149228403426739
ZAF,South Africa,education,weight,0.589509144673882,0.605013381713719,0.620609839082227,0.634721025790796,0.643124351755343,0.647656670519929,0.651802951516519,0.655744189780204,0.664042485187257
ZAF,South Africa,mortality,weight,0.776137998641197,0.754232368690354,0.73590772819419,0.719021908515121,0.709155431820256,0.703896506080772,0.697847539013295,0.690819124024886,0.675182450376485
ZAF,South Africa,stunting,weight,0.114322166356179,0.111051012189552,0.107628420713473,0.105793914615874,0.104846441875977,0.104408897870723,0.104040449363068,0.10368172012053,0.102435167561667
ZMB,Zambia,education,weight,0.448330765376417,0.447212678784911,0.445329081180363,0.446251489542781,0.447467486317329,0.449546479331064,0.451567188976621,0.453651036511204,0.458516520291365
ZMB,Zambia,mortality,weight,1.3939685141443,1.36856264257017,1.32838555554827,1.27725654396195,1.24616484022135,1.23421502043218,1.22289751364241,1.21284458186604,1.19643613114783
ZMB,Zambia,registration,weight,0.184392251771998,0.1869821960557,0.185986292744112,0.182197112207298,0.178691376686674,0.17655549102978,0.174781021170363,0.173314940745873,0.170823421940291
ZMB,Zambia,stunting,weight,0.184392251771998,0.1869821960557,0.185986292744112,0.182197112207298,0.178691376686674,0.17655549102978,0.174781021170363,0.173314940745873,0.170823421940291
ZWE,Zimbabwe,education,weight,0.47261814958712,0.481152134024901,0.487330352270751,0.495504481365049,0.497770749200759,0.500107918534898,0.501944677904295,0.503389235483129,0.506056175192211
ZWE,Zimbabwe,mortality,weight,1.01362441511422,1.01239628385267,1.02387253696551,1.03915432776034,1.04480030094433,1.04314619195147,1.03747524947455,1.02739418211398,0.996613405373707
ZWE,Zimbabwe,registration,weight,0.150617906119051,0.148990278569856,0.150731906886798,0.154941767757242,0.15800436536823,0.159629689947908,0.160470059484791,0.160606399173776,0.158801464038959
ZWE,Zimbabwe,stunting,weight,0.150617906119051,0.148990278569856,0.150731906886798,0.154941767757242,0.15800436536823,0.159629689947908,0.160470059484791,0.160606399173776,0.158801464038959
